timestamp,latitude,longitude,altitude
2024-6-8T19:56:25Z,38.837120,-94.789032
2024-6-8T19:56:28Z,38.837105,-94.789032
2024-6-8T19:56:31Z,38.837120,-94.789017
2024-6-8T19:56:34Z,38.837132,-94.789017
2024-6-8T19:56:37Z,38.837135,-94.789032
2024-6-8T19:56:40Z,38.837143,-94.789017
2024-6-8T19:56:43Z,38.837162,-94.789047
2024-6-8T19:56:46Z,38.837196,-94.789032
2024-6-8T19:56:49Z,38.837204,-94.789017
2024-6-8T19:56:52Z,38.837231,-94.789017
2024-6-8T19:56:55Z,38.837238,-94.789017
2024-6-8T19:56:58Z,38.837246,-94.789032
2024-6-8T19:57:1Z,38.837231,-94.789017
2024-6-8T19:57:4Z,38.837219,-94.789017
2024-6-8T19:57:7Z,38.837219,-94.789017
2024-6-8T19:57:10Z,38.837223,-94.789017
2024-6-8T19:57:13Z,38.837223,-94.789017
2024-6-8T19:57:16Z,38.837215,-94.789017
2024-6-8T19:57:19Z,38.837223,-94.789032
2024-6-8T19:57:22Z,38.837223,-94.789047
2024-6-8T19:57:25Z,38.837215,-94.789047
2024-6-8T19:57:28Z,38.837223,-94.789017
2024-6-8T19:57:31Z,38.837223,-94.789032
2024-6-8T19:57:34Z,38.837234,-94.789017
2024-6-8T19:57:37Z,38.837246,-94.789017
2024-6-8T19:57:40Z,38.837269,-94.789017
2024-6-8T19:57:43Z,38.837269,-94.789032
2024-6-8T19:57:46Z,38.837269,-94.789032
2024-6-8T19:57:49Z,38.837269,-94.789047
2024-6-8T19:57:52Z,38.837276,-94.789047
2024-6-8T19:57:55Z,38.837273,-94.789062
2024-6-8T19:57:58Z,38.837276,-94.789062
2024-6-8T19:58:1Z,38.837276,-94.789062
2024-6-8T19:58:4Z,38.837280,-94.789078
2024-6-8T19:58:7Z,38.837276,-94.789093
2024-6-8T19:58:10Z,38.837265,-94.789108
2024-6-8T19:58:13Z,38.837265,-94.789108
2024-6-8T19:58:16Z,38.837257,-94.789108
2024-6-8T19:58:19Z,38.837257,-94.789108
2024-6-8T19:58:22Z,38.837242,-94.789108
2024-6-8T19:58:25Z,38.837238,-94.789108
2024-6-8T19:58:28Z,38.837223,-94.789108
2024-6-8T19:58:31Z,38.837238,-94.789093
2024-6-8T19:58:34Z,38.837242,-94.789093
2024-6-8T19:58:37Z,38.837238,-94.789078
2024-6-8T19:58:40Z,38.837231,-94.789062
2024-6-8T19:58:43Z,38.837215,-94.789062
2024-6-8T19:58:46Z,38.837215,-94.789078
2024-6-8T19:58:49Z,38.837208,-94.789078
2024-6-8T19:58:52Z,38.837215,-94.789093
2024-6-8T19:58:55Z,38.837219,-94.789108
2024-6-8T19:58:58Z,38.837215,-94.789078
2024-6-8T19:59:1Z,38.837219,-94.789062
2024-6-8T19:59:4Z,38.837196,-94.789062
2024-6-8T19:59:7Z,38.837204,-94.789062
2024-6-8T19:59:10Z,38.837196,-94.789062
2024-6-8T19:59:13Z,38.837208,-94.789062
2024-6-8T19:59:16Z,38.837215,-94.789062
2024-6-8T19:59:19Z,38.837219,-94.789062
2024-6-8T19:59:22Z,38.837212,-94.789062
2024-6-8T19:59:25Z,38.837212,-94.789062
2024-6-8T19:59:28Z,38.837200,-94.789062
2024-6-8T19:59:31Z,38.837200,-94.789062
2024-6-8T19:59:34Z,38.837185,-94.789062
2024-6-8T19:59:37Z,38.837193,-94.789062
2024-6-8T19:59:40Z,38.837193,-94.789047
2024-6-8T19:59:43Z,38.837196,-94.789047
2024-6-8T19:59:46Z,38.837177,-94.789047
2024-6-8T19:59:49Z,38.837181,-94.789047
2024-6-8T19:59:52Z,38.837193,-94.789047
2024-6-8T19:59:55Z,38.837196,-94.789047
2024-6-8T19:59:58Z,38.837200,-94.789047
2024-6-8T20:0:1Z,38.837219,-94.789047
2024-6-8T20:0:4Z,38.837215,-94.789062
2024-6-8T20:0:7Z,38.837208,-94.789062
2024-6-8T20:0:10Z,38.837223,-94.789047
2024-6-8T20:0:13Z,38.837231,-94.789062
2024-6-8T20:0:16Z,38.837223,-94.789062
2024-6-8T20:0:19Z,38.837219,-94.789062
2024-6-8T20:0:22Z,38.837204,-94.789062
2024-6-8T20:0:25Z,38.837208,-94.789062
2024-6-8T20:0:28Z,38.837208,-94.789062
2024-6-8T20:0:31Z,38.837208,-94.789062
2024-6-8T20:0:34Z,38.837215,-94.789062
2024-6-8T20:0:37Z,38.837196,-94.789078
2024-6-8T20:0:40Z,38.837185,-94.789078
2024-6-8T20:0:43Z,38.837193,-94.789108
2024-6-8T20:0:46Z,38.837185,-94.789108
2024-6-8T20:0:49Z,38.837196,-94.789108
2024-6-8T20:0:52Z,38.837208,-94.789131
2024-6-8T20:0:55Z,38.837212,-94.789131
2024-6-8T20:0:58Z,38.837208,-94.789146
2024-6-8T20:1:1Z,38.837208,-94.789131
2024-6-8T20:1:4Z,38.837223,-94.789131
2024-6-8T20:1:7Z,38.837231,-94.789108
2024-6-8T20:1:10Z,38.837219,-94.789108
2024-6-8T20:1:13Z,38.837215,-94.789093
2024-6-8T20:1:16Z,38.837196,-94.789093
2024-6-8T20:1:19Z,38.837200,-94.789108
2024-6-8T20:1:22Z,38.837212,-94.789093
2024-6-8T20:1:25Z,38.837212,-94.789108
2024-6-8T20:1:28Z,38.837208,-94.789108
2024-6-8T20:1:31Z,38.837185,-94.789108
2024-6-8T20:1:34Z,38.837177,-94.789131
2024-6-8T20:1:37Z,38.837166,-94.789131
2024-6-8T20:1:40Z,38.837151,-94.789131
2024-6-8T20:1:43Z,38.837132,-94.789131
2024-6-8T20:1:46Z,38.837120,-94.789131
2024-6-8T20:1:49Z,38.837120,-94.789131
2024-6-8T20:1:52Z,38.837109,-94.789131
2024-6-8T20:1:55Z,38.837124,-94.789108
2024-6-8T20:1:58Z,38.837158,-94.789047
2024-6-8T20:2:1Z,38.837158,-94.789047
2024-6-8T20:2:4Z,38.837177,-94.789032
2024-6-8T20:2:7Z,38.837185,-94.789017
2024-6-8T20:2:10Z,38.837181,-94.788994
2024-6-8T20:2:13Z,38.837177,-94.788979
2024-6-8T20:2:16Z,38.837166,-94.788994
2024-6-8T20:2:19Z,38.837193,-94.788994
2024-6-8T20:2:22Z,38.837215,-94.788994
2024-6-8T20:2:25Z,38.837208,-94.789017
2024-6-8T20:2:28Z,38.837223,-94.789032
2024-6-8T20:2:31Z,38.837212,-94.789047
2024-6-8T20:2:34Z,38.837223,-94.789062
2024-6-8T20:2:37Z,38.837246,-94.789062
2024-6-8T20:2:40Z,38.837261,-94.789062
2024-6-8T20:2:43Z,38.837276,-94.789062
2024-6-8T20:2:46Z,38.837303,-94.789047
2024-6-8T20:2:49Z,38.837326,-94.789032
2024-6-8T20:2:52Z,38.837345,-94.789017
2024-6-8T20:2:55Z,38.837364,-94.788979
2024-6-8T20:2:58Z,38.837360,-94.788963
2024-6-8T20:3:1Z,38.837376,-94.788933
2024-6-8T20:3:4Z,38.837376,-94.788933
2024-6-8T20:3:7Z,38.837353,-94.788948
2024-6-8T20:3:10Z,38.837341,-94.788979
2024-6-8T20:3:13Z,38.837322,-94.788994
2024-6-8T20:3:16Z,38.837334,-94.789017
2024-6-8T20:3:19Z,38.837341,-94.789032
2024-6-8T20:3:22Z,38.837353,-94.789032
2024-6-8T20:3:25Z,38.837349,-94.789047
2024-6-8T20:3:28Z,38.837345,-94.789032
2024-6-8T20:3:31Z,38.837341,-94.789032
2024-6-8T20:3:34Z,38.837326,-94.789047
2024-6-8T20:3:37Z,38.837318,-94.789047
2024-6-8T20:3:40Z,38.837318,-94.789047
2024-6-8T20:3:43Z,38.837326,-94.789032
2024-6-8T20:3:46Z,38.837330,-94.789047
2024-6-8T20:3:49Z,38.837360,-94.789032
2024-6-8T20:3:52Z,38.837387,-94.789032
2024-6-8T20:3:55Z,38.837391,-94.789032
2024-6-8T20:3:58Z,38.837379,-94.789017
2024-6-8T20:4:1Z,38.837395,-94.789017
2024-6-8T20:4:4Z,38.837387,-94.789017
2024-6-8T20:4:7Z,38.837360,-94.788994
2024-6-8T20:4:10Z,38.837318,-94.789017
2024-6-8T20:4:13Z,38.837296,-94.789017
2024-6-8T20:4:16Z,38.837315,-94.789032
2024-6-8T20:4:19Z,38.837322,-94.789017
2024-6-8T20:4:22Z,38.837341,-94.789017
2024-6-8T20:4:25Z,38.837353,-94.789017
2024-6-8T20:4:28Z,38.837357,-94.789017
2024-6-8T20:4:31Z,38.837349,-94.789017
2024-6-8T20:4:34Z,38.837360,-94.788994
2024-6-8T20:4:37Z,38.837368,-94.788994
2024-6-8T20:4:40Z,38.837368,-94.788994
2024-6-8T20:4:43Z,38.837364,-94.789017
2024-6-8T20:4:46Z,38.837330,-94.789017
2024-6-8T20:4:49Z,38.837307,-94.788994
2024-6-8T20:4:52Z,38.837299,-94.789017
2024-6-8T20:4:55Z,38.837288,-94.789017
2024-6-8T20:4:58Z,38.837292,-94.789047
2024-6-8T20:5:1Z,38.837280,-94.789062
2024-6-8T20:5:4Z,38.837269,-94.789062
2024-6-8T20:5:7Z,38.837273,-94.789078
2024-6-8T20:5:10Z,38.837276,-94.789093
2024-6-8T20:5:13Z,38.837276,-94.789093
2024-6-8T20:5:16Z,38.837299,-94.789108
2024-6-8T20:5:19Z,38.837307,-94.789093
2024-6-8T20:5:22Z,38.837318,-94.789093
2024-6-8T20:5:25Z,38.837307,-94.789093
2024-6-8T20:5:28Z,38.837303,-94.789093
2024-6-8T20:5:31Z,38.837318,-94.789093
2024-6-8T20:5:34Z,38.837303,-94.789093
2024-6-8T20:5:37Z,38.837315,-94.789093
2024-6-8T20:5:40Z,38.837315,-94.789078
2024-6-8T20:5:43Z,38.837318,-94.789062
2024-6-8T20:5:46Z,38.837303,-94.789062
2024-6-8T20:5:49Z,38.837296,-94.789062
2024-6-8T20:5:52Z,38.837296,-94.789062
2024-6-8T20:5:55Z,38.837288,-94.789078
2024-6-8T20:5:58Z,38.837284,-94.789078
2024-6-8T20:6:1Z,38.837288,-94.789093
2024-6-8T20:6:4Z,38.837280,-94.789108
2024-6-8T20:6:7Z,38.837288,-94.789108
2024-6-8T20:6:10Z,38.837284,-94.789108
2024-6-8T20:6:13Z,38.837280,-94.789108
2024-6-8T20:6:16Z,38.837269,-94.789108
2024-6-8T20:6:19Z,38.837246,-94.789108
2024-6-8T20:6:22Z,38.837242,-94.789093
2024-6-8T20:6:25Z,38.837238,-94.789078
2024-6-8T20:6:28Z,38.837242,-94.789062
2024-6-8T20:6:31Z,38.837265,-94.789047
2024-6-8T20:6:34Z,38.837276,-94.789047
2024-6-8T20:6:37Z,38.837280,-94.789032
2024-6-8T20:6:40Z,38.837273,-94.789032
2024-6-8T20:6:43Z,38.837269,-94.789017
2024-6-8T20:6:46Z,38.837265,-94.789017
2024-6-8T20:6:49Z,38.837242,-94.789017
2024-6-8T20:6:52Z,38.837246,-94.788994
2024-6-8T20:6:55Z,38.837246,-94.788994
2024-6-8T20:6:58Z,38.837227,-94.788979
2024-6-8T20:7:1Z,38.837215,-94.788994
2024-6-8T20:7:4Z,38.837193,-94.789017
2024-6-8T20:7:7Z,38.837166,-94.789017
2024-6-8T20:7:10Z,38.837158,-94.789017
2024-6-8T20:7:13Z,38.837151,-94.789017
2024-6-8T20:7:16Z,38.837139,-94.788994
2024-6-8T20:7:19Z,38.837120,-94.788994
2024-6-8T20:7:22Z,38.837105,-94.788994
2024-6-8T20:7:25Z,38.837097,-94.788994
2024-6-8T20:7:28Z,38.837086,-94.788994
2024-6-8T20:7:31Z,38.837086,-94.789017
2024-6-8T20:7:34Z,38.837090,-94.788994
2024-6-8T20:7:37Z,38.837112,-94.788994
2024-6-8T20:7:40Z,38.837151,-94.788994
2024-6-8T20:7:43Z,38.837181,-94.788994
2024-6-8T20:7:46Z,38.837181,-94.788994
2024-6-8T20:7:49Z,38.837185,-94.788979
2024-6-8T20:7:52Z,38.837162,-94.788994
2024-6-8T20:7:55Z,38.837181,-94.788979
2024-6-8T20:7:58Z,38.837193,-94.788979
2024-6-8T20:8:1Z,38.837200,-94.788979
2024-6-8T20:8:4Z,38.837196,-94.788979
2024-6-8T20:8:7Z,38.837212,-94.788979
2024-6-8T20:8:10Z,38.837208,-94.788979
2024-6-8T20:8:13Z,38.837212,-94.788963
2024-6-8T20:8:16Z,38.837204,-94.788963
2024-6-8T20:8:19Z,38.837193,-94.788963
2024-6-8T20:8:22Z,38.837193,-94.788979
2024-6-8T20:8:25Z,38.837200,-94.788994
2024-6-8T20:8:28Z,38.837196,-94.788979
2024-6-8T20:8:31Z,38.837185,-94.788979
2024-6-8T20:8:34Z,38.837185,-94.788979
2024-6-8T20:8:37Z,38.837181,-94.788994
2024-6-8T20:8:40Z,38.837200,-94.788994
2024-6-8T20:8:43Z,38.837208,-94.789017
2024-6-8T20:8:46Z,38.837208,-94.788994
2024-6-8T20:8:49Z,38.837215,-94.788994
2024-6-8T20:8:52Z,38.837208,-94.789017
2024-6-8T20:8:55Z,38.837208,-94.789017
2024-6-8T20:8:58Z,38.837212,-94.789017
2024-6-8T20:9:1Z,38.837212,-94.789032
2024-6-8T20:9:4Z,38.837215,-94.789032
2024-6-8T20:9:7Z,38.837223,-94.789047
2024-6-8T20:9:10Z,38.837234,-94.789032
2024-6-8T20:9:13Z,38.837238,-94.789032
2024-6-8T20:9:16Z,38.837231,-94.789032
2024-6-8T20:9:19Z,38.837231,-94.789047
2024-6-8T20:9:22Z,38.837227,-94.789062
2024-6-8T20:9:25Z,38.837227,-94.789062
2024-6-8T20:9:28Z,38.837215,-94.789062
2024-6-8T20:9:31Z,38.837204,-94.789062
2024-6-8T20:9:34Z,38.837196,-94.789062
2024-6-8T20:9:37Z,38.837196,-94.789062
2024-6-8T20:9:40Z,38.837196,-94.789062
2024-6-8T20:9:43Z,38.837196,-94.789062
2024-6-8T20:9:46Z,38.837193,-94.789062
2024-6-8T20:9:49Z,38.837204,-94.789062
2024-6-8T20:9:52Z,38.837208,-94.789062
2024-6-8T20:9:55Z,38.837215,-94.789047
2024-6-8T20:9:58Z,38.837219,-94.789017
2024-6-8T20:10:1Z,38.837234,-94.789062
2024-6-8T20:10:4Z,38.837254,-94.789078
2024-6-8T20:10:7Z,38.837261,-94.789078
2024-6-8T20:10:10Z,38.837273,-94.789062
2024-6-8T20:10:13Z,38.837280,-94.789078
2024-6-8T20:10:16Z,38.837296,-94.789062
2024-6-8T20:10:19Z,38.837273,-94.789032
2024-6-8T20:10:22Z,38.837273,-94.789047
2024-6-8T20:10:25Z,38.837276,-94.789108
2024-6-8T20:10:28Z,38.837292,-94.789146
2024-6-8T20:10:31Z,38.837322,-94.789177
2024-6-8T20:10:34Z,38.837341,-94.789177
2024-6-8T20:10:38Z,38.837322,-94.789131
2024-6-8T20:10:41Z,38.837318,-94.789146
2024-6-8T20:10:43Z,38.837334,-94.789108
2024-6-8T20:10:47Z,38.837353,-94.789108
2024-6-8T20:10:50Z,38.837349,-94.789062
2024-6-8T20:10:53Z,38.837330,-94.789017
2024-6-8T20:10:56Z,38.837330,-94.788994
2024-6-8T20:10:59Z,38.837326,-94.789017
2024-6-8T20:11:2Z,38.837303,-94.789032
2024-6-8T20:11:5Z,38.837326,-94.788979
2024-6-8T20:11:8Z,38.837307,-94.788933
2024-6-8T20:11:11Z,38.837280,-94.788887
2024-6-8T20:11:14Z,38.837227,-94.788818
2024-6-8T20:11:17Z,38.837158,-94.788773
2024-6-8T20:11:20Z,38.837135,-94.788750
2024-6-8T20:11:23Z,38.837051,-94.788788
2024-6-8T20:11:26Z,38.836967,-94.788849
2024-6-8T20:11:29Z,38.836967,-94.788918
2024-6-8T20:11:32Z,38.836990,-94.788933
2024-6-8T20:11:35Z,38.836990,-94.788948
2024-6-8T20:11:38Z,38.837013,-94.788963
2024-6-8T20:11:41Z,38.837112,-94.788963
2024-6-8T20:11:44Z,38.837215,-94.788948
2024-6-8T20:11:47Z,38.837234,-94.788918
2024-6-8T20:11:50Z,38.837276,-94.788902
2024-6-8T20:11:53Z,38.837299,-94.788902
2024-6-8T20:11:56Z,38.837296,-94.788902
2024-6-8T20:11:59Z,38.837315,-94.788918
2024-6-8T20:12:2Z,38.837326,-94.788933
2024-6-8T20:12:5Z,38.837307,-94.788963
2024-6-8T20:12:8Z,38.837315,-94.788994
2024-6-8T20:12:11Z,38.837292,-94.788994
2024-6-8T20:12:14Z,38.837261,-94.788979
2024-6-8T20:12:17Z,38.837257,-94.788963
2024-6-8T20:12:20Z,38.837227,-94.788979
2024-6-8T20:12:23Z,38.837234,-94.788963
2024-6-8T20:12:26Z,38.837269,-94.788948
2024-6-8T20:12:29Z,38.837238,-94.788933
2024-6-8T20:12:32Z,38.837254,-94.788933
2024-6-8T20:12:35Z,38.837242,-94.788933
2024-6-8T20:12:38Z,38.837257,-94.788933
2024-6-8T20:12:41Z,38.837269,-94.788933
2024-6-8T20:12:44Z,38.837322,-94.788918
2024-6-8T20:12:47Z,38.837318,-94.788902
2024-6-8T20:12:50Z,38.837307,-94.788902
2024-6-8T20:12:53Z,38.837288,-94.788948
2024-6-8T20:12:56Z,38.837284,-94.788963
2024-6-8T20:12:59Z,38.837288,-94.788979
2024-6-8T20:13:2Z,38.837288,-94.788979
2024-6-8T20:13:5Z,38.837299,-94.788979
2024-6-8T20:13:8Z,38.837315,-94.788979
2024-6-8T20:13:11Z,38.837330,-94.788948
2024-6-8T20:13:14Z,38.837357,-94.788963
2024-6-8T20:13:17Z,38.837368,-94.788963
2024-6-8T20:13:20Z,38.837376,-94.788948
2024-6-8T20:13:23Z,38.837383,-94.788948
2024-6-8T20:13:26Z,38.837383,-94.788948
2024-6-8T20:13:29Z,38.837345,-94.788948
2024-6-8T20:13:32Z,38.837326,-94.788963
2024-6-8T20:13:35Z,38.837326,-94.788963
2024-6-8T20:13:38Z,38.837322,-94.788963
2024-6-8T20:13:41Z,38.837322,-94.788979
2024-6-8T20:13:44Z,38.837318,-94.788948
2024-6-8T20:13:47Z,38.837318,-94.788933
2024-6-8T20:13:50Z,38.837322,-94.788918
2024-6-8T20:13:53Z,38.837318,-94.788918
2024-6-8T20:13:56Z,38.837315,-94.788933
2024-6-8T20:13:59Z,38.837322,-94.788918
2024-6-8T20:14:2Z,38.837318,-94.788918
2024-6-8T20:14:5Z,38.837299,-94.788887
2024-6-8T20:14:8Z,38.837315,-94.788902
2024-6-8T20:14:11Z,38.837284,-94.788849
2024-6-8T20:14:14Z,38.837288,-94.788864
2024-6-8T20:14:17Z,38.837284,-94.788887
2024-6-8T20:14:20Z,38.837280,-94.788887
2024-6-8T20:14:23Z,38.837280,-94.788902
2024-6-8T20:14:26Z,38.837284,-94.788887
2024-6-8T20:14:29Z,38.837269,-94.788887
2024-6-8T20:14:32Z,38.837273,-94.788887
2024-6-8T20:14:35Z,38.837288,-94.788864
2024-6-8T20:14:38Z,38.837303,-94.788849
2024-6-8T20:14:41Z,38.837318,-94.788834
2024-6-8T20:14:44Z,38.837326,-94.788803
2024-6-8T20:14:47Z,38.837326,-94.788750
2024-6-8T20:14:50Z,38.837318,-94.788773
2024-6-8T20:14:53Z,38.837303,-94.788719
2024-6-8T20:14:56Z,38.837303,-94.788773
2024-6-8T20:14:59Z,38.837280,-94.788773
2024-6-8T20:15:2Z,38.837265,-94.788773
2024-6-8T20:15:5Z,38.837265,-94.788788
2024-6-8T20:15:8Z,38.837265,-94.788818
2024-6-8T20:15:11Z,38.837273,-94.788834
2024-6-8T20:15:14Z,38.837280,-94.788849
2024-6-8T20:15:17Z,38.837292,-94.788864
2024-6-8T20:15:20Z,38.837303,-94.788887
2024-6-8T20:15:23Z,38.837296,-94.788864
2024-6-8T20:15:26Z,38.837292,-94.788849
2024-6-8T20:15:29Z,38.837288,-94.788887
2024-6-8T20:15:32Z,38.837292,-94.788918
2024-6-8T20:15:35Z,38.837292,-94.788933
2024-6-8T20:15:38Z,38.837273,-94.788948
2024-6-8T20:15:41Z,38.837261,-94.788963
2024-6-8T20:15:44Z,38.837254,-94.788979
2024-6-8T20:15:47Z,38.837254,-94.788963
2024-6-8T20:15:50Z,38.837254,-94.788963
2024-6-8T20:15:53Z,38.837257,-94.788979
2024-6-8T20:15:56Z,38.837254,-94.789017
2024-6-8T20:15:59Z,38.837257,-94.789017
2024-6-8T20:16:2Z,38.837261,-94.789032
2024-6-8T20:16:5Z,38.837269,-94.789017
2024-6-8T20:16:8Z,38.837261,-94.789017
2024-6-8T20:16:11Z,38.837246,-94.789017
2024-6-8T20:16:14Z,38.837227,-94.789047
2024-6-8T20:16:17Z,38.837215,-94.789047
2024-6-8T20:16:20Z,38.837177,-94.789062
2024-6-8T20:16:23Z,38.837177,-94.789078
2024-6-8T20:16:26Z,38.837173,-94.789062
2024-6-8T20:16:29Z,38.837166,-94.789062
2024-6-8T20:16:32Z,38.837151,-94.789062
2024-6-8T20:16:35Z,38.837158,-94.789078
2024-6-8T20:16:38Z,38.837154,-94.789078
2024-6-8T20:16:41Z,38.837158,-94.789062
2024-6-8T20:16:44Z,38.837170,-94.789078
2024-6-8T20:16:47Z,38.837170,-94.789078
2024-6-8T20:16:50Z,38.837173,-94.789078
2024-6-8T20:16:53Z,38.837181,-94.789062
2024-6-8T20:16:56Z,38.837196,-94.789062
2024-6-8T20:16:59Z,38.837204,-94.789047
2024-6-8T20:17:2Z,38.837196,-94.789047
2024-6-8T20:17:5Z,38.837204,-94.789047
2024-6-8T20:17:8Z,38.837212,-94.789062
2024-6-8T20:17:11Z,38.837212,-94.789062
2024-6-8T20:17:14Z,38.837219,-94.789078
2024-6-8T20:17:17Z,38.837215,-94.789062
2024-6-8T20:17:20Z,38.837215,-94.789062
2024-6-8T20:17:23Z,38.837204,-94.789062
2024-6-8T20:17:26Z,38.837193,-94.789047
2024-6-8T20:17:29Z,38.837196,-94.789032
2024-6-8T20:17:32Z,38.837196,-94.789017
2024-6-8T20:17:35Z,38.837196,-94.789017
2024-6-8T20:17:38Z,38.837196,-94.789032
2024-6-8T20:17:41Z,38.837200,-94.789032
2024-6-8T20:17:44Z,38.837196,-94.789047
2024-6-8T20:17:47Z,38.837196,-94.789062
2024-6-8T20:17:50Z,38.837181,-94.789062
2024-6-8T20:17:53Z,38.837177,-94.789062
2024-6-8T20:17:56Z,38.837181,-94.789062
2024-6-8T20:17:59Z,38.837200,-94.789047
2024-6-8T20:18:2Z,38.837212,-94.789032
2024-6-8T20:18:5Z,38.837227,-94.789017
2024-6-8T20:18:8Z,38.837234,-94.789017
2024-6-8T20:18:11Z,38.837261,-94.788994
2024-6-8T20:18:14Z,38.837273,-94.788994
2024-6-8T20:18:17Z,38.837265,-94.788979
2024-6-8T20:18:20Z,38.837261,-94.788963
2024-6-8T20:18:23Z,38.837261,-94.788979
2024-6-8T20:18:26Z,38.837261,-94.788979
2024-6-8T20:18:29Z,38.837257,-94.788994
2024-6-8T20:18:32Z,38.837246,-94.789017
2024-6-8T20:18:35Z,38.837234,-94.789017
2024-6-8T20:18:38Z,38.837254,-94.789017
2024-6-8T20:18:41Z,38.837257,-94.789017
2024-6-8T20:18:44Z,38.837254,-94.789032
2024-6-8T20:18:47Z,38.837257,-94.789017
2024-6-8T20:18:50Z,38.837257,-94.789032
2024-6-8T20:18:53Z,38.837257,-94.789017
2024-6-8T20:18:56Z,38.837231,-94.788994
2024-6-8T20:18:59Z,38.837223,-94.788994
2024-6-8T20:19:2Z,38.837215,-94.788994
2024-6-8T20:19:5Z,38.837215,-94.788994
2024-6-8T20:19:8Z,38.837204,-94.788979
2024-6-8T20:19:11Z,38.837193,-94.788979
2024-6-8T20:19:14Z,38.837181,-94.788979
2024-6-8T20:19:17Z,38.837162,-94.788979
2024-6-8T20:19:20Z,38.837158,-94.788979
2024-6-8T20:19:23Z,38.837166,-94.788994
2024-6-8T20:19:26Z,38.837181,-94.788979
2024-6-8T20:19:29Z,38.837204,-94.788948
2024-6-8T20:19:32Z,38.837200,-94.788979
2024-6-8T20:19:35Z,38.837185,-94.788994
2024-6-8T20:19:38Z,38.837185,-94.789017
2024-6-8T20:19:41Z,38.837177,-94.789047
2024-6-8T20:19:44Z,38.837158,-94.789078
2024-6-8T20:19:47Z,38.837154,-94.789078
2024-6-8T20:19:50Z,38.837139,-94.789078
2024-6-8T20:19:53Z,38.837139,-94.789062
2024-6-8T20:19:56Z,38.837132,-94.789062
2024-6-8T20:19:59Z,38.837139,-94.789078
2024-6-8T20:20:2Z,38.837143,-94.789047
2024-6-8T20:20:5Z,38.837158,-94.789047
2024-6-8T20:20:8Z,38.837162,-94.789017
2024-6-8T20:20:11Z,38.837166,-94.788994
2024-6-8T20:20:14Z,38.837166,-94.788979
2024-6-8T20:20:17Z,38.837154,-94.788994
2024-6-8T20:20:20Z,38.837147,-94.788933
2024-6-8T20:20:23Z,38.837143,-94.788864
2024-6-8T20:20:26Z,38.837147,-94.788864
2024-6-8T20:20:29Z,38.837151,-94.788773
2024-6-8T20:20:32Z,38.837151,-94.788750
2024-6-8T20:20:35Z,38.837158,-94.788750
2024-6-8T20:20:38Z,38.837154,-94.788773
2024-6-8T20:20:41Z,38.837158,-94.788788
2024-6-8T20:20:44Z,38.837162,-94.788803
2024-6-8T20:20:47Z,38.837162,-94.788818
2024-6-8T20:20:50Z,38.837154,-94.788834
2024-6-8T20:20:53Z,38.837154,-94.788834
2024-6-8T20:20:56Z,38.837158,-94.788834
2024-6-8T20:20:59Z,38.837158,-94.788864
2024-6-8T20:21:2Z,38.837158,-94.788902
2024-6-8T20:21:5Z,38.837166,-94.788902
2024-6-8T20:21:8Z,38.837173,-94.788933
2024-6-8T20:21:11Z,38.837162,-94.788948
2024-6-8T20:21:14Z,38.837158,-94.788963
2024-6-8T20:21:17Z,38.837151,-94.788979
2024-6-8T20:21:20Z,38.837147,-94.788979
2024-6-8T20:21:23Z,38.837151,-94.788994
2024-6-8T20:21:26Z,38.837166,-94.789017
2024-6-8T20:21:29Z,38.837177,-94.789047
2024-6-8T20:21:32Z,38.837158,-94.789047
2024-6-8T20:21:35Z,38.837143,-94.789062
2024-6-8T20:21:38Z,38.837132,-94.789078
2024-6-8T20:21:41Z,38.837151,-94.789093
2024-6-8T20:21:44Z,38.837154,-94.789093
2024-6-8T20:21:47Z,38.837162,-94.789093
2024-6-8T20:21:50Z,38.837166,-94.789078
2024-6-8T20:21:53Z,38.837166,-94.789062
2024-6-8T20:21:56Z,38.837154,-94.789017
2024-6-8T20:21:59Z,38.837143,-94.788994
2024-6-8T20:22:2Z,38.837143,-94.788979
2024-6-8T20:22:5Z,38.837154,-94.789032
2024-6-8T20:22:8Z,38.837177,-94.789093
2024-6-8T20:22:11Z,38.837200,-94.789108
2024-6-8T20:22:14Z,38.837208,-94.789108
2024-6-8T20:22:17Z,38.837223,-94.789108
2024-6-8T20:22:20Z,38.837227,-94.789093
2024-6-8T20:22:23Z,38.837223,-94.789062
2024-6-8T20:22:26Z,38.837231,-94.789062
2024-6-8T20:22:29Z,38.837242,-94.789062
2024-6-8T20:22:32Z,38.837254,-94.789078
2024-6-8T20:22:35Z,38.837246,-94.789078
2024-6-8T20:22:38Z,38.837254,-94.789062
2024-6-8T20:22:41Z,38.837242,-94.789062
2024-6-8T20:22:44Z,38.837231,-94.789047
2024-6-8T20:22:47Z,38.837238,-94.789062
2024-6-8T20:22:50Z,38.837234,-94.789047
2024-6-8T20:22:53Z,38.837227,-94.789047
2024-6-8T20:22:56Z,38.837231,-94.789047
2024-6-8T20:22:59Z,38.837215,-94.789047
2024-6-8T20:23:2Z,38.837204,-94.789032
2024-6-8T20:23:5Z,38.837208,-94.789047
2024-6-8T20:23:8Z,38.837215,-94.789047
2024-6-8T20:23:11Z,38.837212,-94.789047
2024-6-8T20:23:14Z,38.837219,-94.789047
2024-6-8T20:23:17Z,38.837223,-94.789062
2024-6-8T20:23:20Z,38.837215,-94.789047
2024-6-8T20:23:23Z,38.837219,-94.789047
2024-6-8T20:23:26Z,38.837223,-94.789032
2024-6-8T20:23:29Z,38.837212,-94.789017
2024-6-8T20:23:32Z,38.837215,-94.788994
2024-6-8T20:23:35Z,38.837204,-94.788994
2024-6-8T20:23:38Z,38.837200,-94.788994
2024-6-8T20:23:41Z,38.837200,-94.788994
2024-6-8T20:23:44Z,38.837193,-94.788994
2024-6-8T20:23:47Z,38.837185,-94.788994
2024-6-8T20:23:50Z,38.837185,-94.788994
2024-6-8T20:23:53Z,38.837185,-94.788994
2024-6-8T20:23:56Z,38.837185,-94.788994
2024-6-8T20:23:59Z,38.837185,-94.789017
2024-6-8T20:24:2Z,38.837200,-94.789032
2024-6-8T20:24:5Z,38.837215,-94.789032
2024-6-8T20:24:8Z,38.837212,-94.789017
2024-6-8T20:24:11Z,38.837208,-94.789032
2024-6-8T20:24:14Z,38.837204,-94.789047
2024-6-8T20:24:17Z,38.837185,-94.789047
2024-6-8T20:24:20Z,38.837185,-94.789062
2024-6-8T20:24:23Z,38.837185,-94.789078
2024-6-8T20:24:26Z,38.837185,-94.789078
2024-6-8T20:24:29Z,38.837185,-94.789062
2024-6-8T20:24:32Z,38.837196,-94.789047
2024-6-8T20:24:35Z,38.837208,-94.789047
2024-6-8T20:24:38Z,38.837215,-94.789047
2024-6-8T20:24:41Z,38.837223,-94.789047
2024-6-8T20:24:44Z,38.837227,-94.789062
2024-6-8T20:24:47Z,38.837234,-94.789062
2024-6-8T20:24:50Z,38.837234,-94.789062
2024-6-8T20:24:53Z,38.837246,-94.789062
2024-6-8T20:24:56Z,38.837254,-94.789078
2024-6-8T20:24:59Z,38.837238,-94.789062
2024-6-8T20:25:2Z,38.837223,-94.789047
2024-6-8T20:25:5Z,38.837215,-94.789032
2024-6-8T20:25:8Z,38.837215,-94.789032
2024-6-8T20:25:11Z,38.837215,-94.789032
2024-6-8T20:25:14Z,38.837219,-94.789017
2024-6-8T20:25:17Z,38.837219,-94.789017
2024-6-8T20:25:20Z,38.837215,-94.789017
2024-6-8T20:25:23Z,38.837219,-94.789032
2024-6-8T20:25:26Z,38.837212,-94.789032
2024-6-8T20:25:29Z,38.837212,-94.789032
2024-6-8T20:25:32Z,38.837215,-94.789017
2024-6-8T20:25:35Z,38.837223,-94.788994
2024-6-8T20:25:38Z,38.837231,-94.788994
2024-6-8T20:25:41Z,38.837231,-94.788979
2024-6-8T20:25:44Z,38.837246,-94.789032
2024-6-8T20:25:47Z,38.837238,-94.789062
2024-6-8T20:25:50Z,38.837215,-94.789078
2024-6-8T20:25:53Z,38.837196,-94.789078
2024-6-8T20:25:56Z,38.837177,-94.789062
2024-6-8T20:25:59Z,38.837177,-94.789047
2024-6-8T20:26:2Z,38.837185,-94.789047
2024-6-8T20:26:5Z,38.837200,-94.789078
2024-6-8T20:26:8Z,38.837196,-94.789062
2024-6-8T20:26:11Z,38.837208,-94.789062
2024-6-8T20:26:14Z,38.837208,-94.789062
2024-6-8T20:26:17Z,38.837208,-94.789047
2024-6-8T20:26:20Z,38.837200,-94.789062
2024-6-8T20:26:23Z,38.837215,-94.789093
2024-6-8T20:26:26Z,38.837219,-94.789093
2024-6-8T20:26:29Z,38.837219,-94.789093
2024-6-8T20:26:32Z,38.837215,-94.789108
2024-6-8T20:26:35Z,38.837212,-94.789108
2024-6-8T20:26:38Z,38.837196,-94.789108
2024-6-8T20:26:41Z,38.837196,-94.789108
2024-6-8T20:26:44Z,38.837204,-94.789131
2024-6-8T20:26:47Z,38.837193,-94.789108
2024-6-8T20:26:50Z,38.837196,-94.789108
2024-6-8T20:26:53Z,38.837204,-94.789093
2024-6-8T20:26:56Z,38.837204,-94.789078
2024-6-8T20:26:59Z,38.837204,-94.789078
2024-6-8T20:27:2Z,38.837200,-94.789093
2024-6-8T20:27:5Z,38.837193,-94.789078
2024-6-8T20:27:8Z,38.837177,-94.789078
2024-6-8T20:27:11Z,38.837166,-94.789062
2024-6-8T20:27:14Z,38.837158,-94.789062
2024-6-8T20:27:17Z,38.837154,-94.789062
2024-6-8T20:27:20Z,38.837158,-94.789047
2024-6-8T20:27:23Z,38.837162,-94.789032
2024-6-8T20:27:26Z,38.837162,-94.789017
2024-6-8T20:27:29Z,38.837158,-94.789017
2024-6-8T20:27:32Z,38.837162,-94.788994
2024-6-8T20:27:35Z,38.837154,-94.789017
2024-6-8T20:27:38Z,38.837154,-94.789017
2024-6-8T20:27:41Z,38.837162,-94.789032
2024-6-8T20:27:44Z,38.837162,-94.789047
2024-6-8T20:27:47Z,38.837170,-94.789032
2024-6-8T20:27:50Z,38.837170,-94.789032
2024-6-8T20:27:53Z,38.837177,-94.789032
2024-6-8T20:27:56Z,38.837185,-94.789032
2024-6-8T20:27:59Z,38.837181,-94.789032
2024-6-8T20:28:2Z,38.837185,-94.789047
2024-6-8T20:28:5Z,38.837181,-94.789047
2024-6-8T20:28:8Z,38.837170,-94.789032
2024-6-8T20:28:11Z,38.837166,-94.789032
2024-6-8T20:28:14Z,38.837170,-94.789032
2024-6-8T20:28:17Z,38.837177,-94.789047
2024-6-8T20:28:20Z,38.837177,-94.789047
2024-6-8T20:28:23Z,38.837200,-94.789062
2024-6-8T20:28:26Z,38.837204,-94.789062
2024-6-8T20:28:29Z,38.837212,-94.789062
2024-6-8T20:28:32Z,38.837212,-94.789062
2024-6-8T20:28:35Z,38.837215,-94.789062
2024-6-8T20:28:38Z,38.837215,-94.789062
2024-6-8T20:28:41Z,38.837200,-94.789062
2024-6-8T20:28:44Z,38.837193,-94.789062
2024-6-8T20:28:47Z,38.837185,-94.789047
2024-6-8T20:28:50Z,38.837181,-94.789062
2024-6-8T20:28:53Z,38.837177,-94.789062
2024-6-8T20:28:56Z,38.837166,-94.789062
2024-6-8T20:28:59Z,38.837173,-94.789078
2024-6-8T20:29:2Z,38.837185,-94.789078
2024-6-8T20:29:5Z,38.837193,-94.789078
2024-6-8T20:29:8Z,38.837200,-94.789078
2024-6-8T20:29:11Z,38.837208,-94.789093
2024-6-8T20:29:14Z,38.837204,-94.789093
2024-6-8T20:29:17Z,38.837208,-94.789093
2024-6-8T20:29:20Z,38.837196,-94.789062
2024-6-8T20:29:23Z,38.837193,-94.789062
2024-6-8T20:29:26Z,38.837193,-94.789047
2024-6-8T20:29:29Z,38.837177,-94.789032
2024-6-8T20:29:32Z,38.837166,-94.789017
2024-6-8T20:29:35Z,38.837166,-94.789032
2024-6-8T20:29:38Z,38.837162,-94.789032
2024-6-8T20:29:41Z,38.837170,-94.789017
2024-6-8T20:29:44Z,38.837173,-94.788994
2024-6-8T20:29:47Z,38.837170,-94.788979
2024-6-8T20:29:50Z,38.837166,-94.788948
2024-6-8T20:29:53Z,38.837162,-94.788948
2024-6-8T20:29:56Z,38.837173,-94.788979
2024-6-8T20:29:59Z,38.837173,-94.788979
2024-6-8T20:30:2Z,38.837162,-94.788948
2024-6-8T20:30:5Z,38.837173,-94.788979
2024-6-8T20:30:8Z,38.837204,-94.789032
2024-6-8T20:30:11Z,38.837231,-94.789062
2024-6-8T20:30:14Z,38.837254,-94.789078
2024-6-8T20:30:17Z,38.837254,-94.789093
2024-6-8T20:30:20Z,38.837261,-94.789108
2024-6-8T20:30:23Z,38.837261,-94.789108
2024-6-8T20:30:26Z,38.837265,-94.789131
2024-6-8T20:30:29Z,38.837265,-94.789131
2024-6-8T20:30:32Z,38.837257,-94.789131
2024-6-8T20:30:35Z,38.837254,-94.789146
2024-6-8T20:30:38Z,38.837261,-94.789162
2024-6-8T20:30:41Z,38.837257,-94.789162
2024-6-8T20:30:44Z,38.837269,-94.789177
2024-6-8T20:30:47Z,38.837257,-94.789146
2024-6-8T20:30:50Z,38.837238,-94.789131
2024-6-8T20:30:53Z,38.837223,-94.789131
2024-6-8T20:30:56Z,38.837219,-94.789131
2024-6-8T20:30:59Z,38.837219,-94.789131
2024-6-8T20:31:2Z,38.837219,-94.789131
2024-6-8T20:31:5Z,38.837215,-94.789131
2024-6-8T20:31:8Z,38.837231,-94.789146
2024-6-8T20:31:11Z,38.837242,-94.789146
2024-6-8T20:31:14Z,38.837246,-94.789162
2024-6-8T20:31:17Z,38.837246,-94.789162
2024-6-8T20:31:20Z,38.837238,-94.789146
2024-6-8T20:31:23Z,38.837231,-94.789146
2024-6-8T20:31:26Z,38.837231,-94.789162
2024-6-8T20:31:29Z,38.837231,-94.789162
2024-6-8T20:31:32Z,38.837219,-94.789146
2024-6-8T20:31:35Z,38.837200,-94.789131
2024-6-8T20:31:38Z,38.837200,-94.789146
2024-6-8T20:31:41Z,38.837177,-94.789131
2024-6-8T20:31:44Z,38.837166,-94.789131
2024-6-8T20:31:47Z,38.837147,-94.789093
2024-6-8T20:31:50Z,38.837147,-94.789093
2024-6-8T20:31:53Z,38.837132,-94.789078
2024-6-8T20:31:56Z,38.837116,-94.789062
2024-6-8T20:31:59Z,38.837105,-94.789062
2024-6-8T20:32:2Z,38.837093,-94.789047
2024-6-8T20:32:5Z,38.837097,-94.789047
2024-6-8T20:32:8Z,38.837112,-94.789062
2024-6-8T20:32:11Z,38.837143,-94.789093
2024-6-8T20:32:14Z,38.837154,-94.789078
2024-6-8T20:32:17Z,38.837170,-94.789093
2024-6-8T20:32:20Z,38.837185,-94.789108
2024-6-8T20:32:23Z,38.837185,-94.789108
2024-6-8T20:32:26Z,38.837185,-94.789131
2024-6-8T20:32:29Z,38.837185,-94.789108
2024-6-8T20:32:32Z,38.837185,-94.789131
2024-6-8T20:32:35Z,38.837185,-94.789108
2024-6-8T20:32:38Z,38.837170,-94.789078
2024-6-8T20:32:41Z,38.837158,-94.789078
2024-6-8T20:32:44Z,38.837158,-94.789062
2024-6-8T20:32:47Z,38.837158,-94.789047
2024-6-8T20:32:50Z,38.837170,-94.789062
2024-6-8T20:32:53Z,38.837166,-94.789062
2024-6-8T20:32:56Z,38.837166,-94.789062
2024-6-8T20:32:59Z,38.837181,-94.789062
2024-6-8T20:33:2Z,38.837196,-94.789078
2024-6-8T20:33:5Z,38.837215,-94.789078
2024-6-8T20:33:8Z,38.837234,-94.789093
2024-6-8T20:33:11Z,38.837238,-94.789078
2024-6-8T20:33:14Z,38.837238,-94.789093
2024-6-8T20:33:17Z,38.837223,-94.789093
2024-6-8T20:33:20Z,38.837215,-94.789093
2024-6-8T20:33:23Z,38.837208,-94.789078
2024-6-8T20:33:26Z,38.837208,-94.789078
2024-6-8T20:33:29Z,38.837208,-94.789062
2024-6-8T20:33:32Z,38.837208,-94.789078
2024-6-8T20:33:35Z,38.837208,-94.789078
2024-6-8T20:33:38Z,38.837215,-94.789093
2024-6-8T20:33:41Z,38.837196,-94.789093
2024-6-8T20:33:44Z,38.837170,-94.789108
2024-6-8T20:33:47Z,38.837170,-94.789108
2024-6-8T20:33:50Z,38.837154,-94.789078
2024-6-8T20:33:53Z,38.837151,-94.789093
2024-6-8T20:33:56Z,38.837166,-94.789093
2024-6-8T20:33:59Z,38.837158,-94.789093
2024-6-8T20:34:2Z,38.837166,-94.789093
2024-6-8T20:34:5Z,38.837177,-94.789093
2024-6-8T20:34:8Z,38.837200,-94.789093
2024-6-8T20:34:11Z,38.837196,-94.789108
2024-6-8T20:34:14Z,38.837196,-94.789108
2024-6-8T20:34:17Z,38.837185,-94.789093
2024-6-8T20:34:20Z,38.837181,-94.789078
2024-6-8T20:34:23Z,38.837181,-94.789078
2024-6-8T20:34:26Z,38.837196,-94.789078
2024-6-8T20:34:29Z,38.837208,-94.789078
2024-6-8T20:34:32Z,38.837212,-94.789078
2024-6-8T20:34:35Z,38.837200,-94.789078
2024-6-8T20:34:38Z,38.837208,-94.789078
2024-6-8T20:34:41Z,38.837193,-94.789078
2024-6-8T20:34:44Z,38.837177,-94.789062
2024-6-8T20:34:47Z,38.837162,-94.789047
2024-6-8T20:34:50Z,38.837154,-94.789047
2024-6-8T20:34:53Z,38.837166,-94.789047
2024-6-8T20:34:56Z,38.837162,-94.789047
2024-6-8T20:34:59Z,38.837162,-94.789032
2024-6-8T20:35:2Z,38.837166,-94.789032
2024-6-8T20:35:5Z,38.837177,-94.789047
2024-6-8T20:35:8Z,38.837166,-94.789062
2024-6-8T20:35:11Z,38.837170,-94.789062
2024-6-8T20:35:14Z,38.837162,-94.789062
2024-6-8T20:35:17Z,38.837162,-94.789062
2024-6-8T20:35:20Z,38.837158,-94.789062
2024-6-8T20:35:23Z,38.837151,-94.789062
2024-6-8T20:35:26Z,38.837151,-94.789078
2024-6-8T20:35:29Z,38.837158,-94.789078
2024-6-8T20:35:32Z,38.837158,-94.789078
2024-6-8T20:35:35Z,38.837158,-94.789093
2024-6-8T20:35:38Z,38.837154,-94.789078
2024-6-8T20:35:41Z,38.837158,-94.789078
2024-6-8T20:35:44Z,38.837154,-94.789078
2024-6-8T20:35:47Z,38.837151,-94.789078
2024-6-8T20:35:50Z,38.837158,-94.789062
2024-6-8T20:35:53Z,38.837158,-94.789078
2024-6-8T20:35:56Z,38.837154,-94.789078
2024-6-8T20:35:59Z,38.837158,-94.789093
2024-6-8T20:36:2Z,38.837143,-94.789078
2024-6-8T20:36:5Z,38.837143,-94.789062
2024-6-8T20:36:8Z,38.837143,-94.789062
2024-6-8T20:36:11Z,38.837143,-94.789062
2024-6-8T20:36:14Z,38.837147,-94.789062
2024-6-8T20:36:17Z,38.837158,-94.789078
2024-6-8T20:36:20Z,38.837151,-94.789078
2024-6-8T20:36:23Z,38.837151,-94.789062
2024-6-8T20:36:26Z,38.837154,-94.789062
2024-6-8T20:36:29Z,38.837151,-94.789062
2024-6-8T20:36:32Z,38.837147,-94.789062
2024-6-8T20:36:35Z,38.837151,-94.789062
2024-6-8T20:36:38Z,38.837147,-94.789047
2024-6-8T20:36:41Z,38.837151,-94.789047
2024-6-8T20:36:44Z,38.837151,-94.789062
2024-6-8T20:36:47Z,38.837147,-94.789062
2024-6-8T20:36:50Z,38.837147,-94.789062
2024-6-8T20:36:53Z,38.837147,-94.789062
2024-6-8T20:36:56Z,38.837151,-94.789062
2024-6-8T20:36:59Z,38.837154,-94.789062
2024-6-8T20:37:2Z,38.837158,-94.789062
2024-6-8T20:37:5Z,38.837166,-94.789062
2024-6-8T20:37:8Z,38.837162,-94.789062
2024-6-8T20:37:11Z,38.837162,-94.789078
2024-6-8T20:37:14Z,38.837158,-94.789078
2024-6-8T20:37:17Z,38.837158,-94.789078
2024-6-8T20:37:20Z,38.837166,-94.789078
2024-6-8T20:37:23Z,38.837166,-94.789062
2024-6-8T20:37:26Z,38.837166,-94.789062
2024-6-8T20:37:29Z,38.837166,-94.789062
2024-6-8T20:37:32Z,38.837166,-94.789047
2024-6-8T20:37:35Z,38.837166,-94.789047
2024-6-8T20:37:38Z,38.837166,-94.789047
2024-6-8T20:37:41Z,38.837166,-94.789047
2024-6-8T20:37:44Z,38.837166,-94.789047
2024-6-8T20:37:47Z,38.837162,-94.789047
2024-6-8T20:37:50Z,38.837166,-94.789047
2024-6-8T20:37:53Z,38.837162,-94.789062
2024-6-8T20:37:56Z,38.837166,-94.789062
2024-6-8T20:37:59Z,38.837166,-94.789062
2024-6-8T20:38:2Z,38.837162,-94.789047
2024-6-8T20:38:5Z,38.837166,-94.789047
2024-6-8T20:38:8Z,38.837166,-94.789047
2024-6-8T20:38:11Z,38.837158,-94.789047
2024-6-8T20:38:14Z,38.837158,-94.789032
2024-6-8T20:38:17Z,38.837154,-94.789032
2024-6-8T20:38:20Z,38.837158,-94.789017
2024-6-8T20:38:23Z,38.837158,-94.789017
2024-6-8T20:38:26Z,38.837158,-94.789017
2024-6-8T20:38:29Z,38.837158,-94.789017
2024-6-8T20:38:32Z,38.837162,-94.789017
2024-6-8T20:38:35Z,38.837162,-94.789032
2024-6-8T20:38:38Z,38.837162,-94.789032
2024-6-8T20:38:41Z,38.837158,-94.789032
2024-6-8T20:38:44Z,38.837158,-94.789032
2024-6-8T20:38:47Z,38.837162,-94.789047
2024-6-8T20:38:50Z,38.837166,-94.789047
2024-6-8T20:38:53Z,38.837170,-94.789047
2024-6-8T20:38:56Z,38.837166,-94.789047
2024-6-8T20:38:59Z,38.837166,-94.789047
2024-6-8T20:39:2Z,38.837162,-94.789062
2024-6-8T20:39:5Z,38.837158,-94.789062
2024-6-8T20:39:8Z,38.837158,-94.789062
2024-6-8T20:39:11Z,38.837158,-94.789062
2024-6-8T20:39:14Z,38.837162,-94.789062
2024-6-8T20:39:17Z,38.837166,-94.789062
2024-6-8T20:39:20Z,38.837158,-94.789078
2024-6-8T20:39:23Z,38.837158,-94.789062
2024-6-8T20:39:26Z,38.837154,-94.789062
2024-6-8T20:39:29Z,38.837162,-94.789062
2024-6-8T20:39:32Z,38.837166,-94.789062
2024-6-8T20:39:35Z,38.837162,-94.789047
2024-6-8T20:39:38Z,38.837166,-94.789062
2024-6-8T20:39:41Z,38.837166,-94.789062
2024-6-8T20:39:44Z,38.837166,-94.789062
2024-6-8T20:39:47Z,38.837166,-94.789062
2024-6-8T20:39:50Z,38.837166,-94.789062
2024-6-8T20:39:53Z,38.837173,-94.789062
2024-6-8T20:39:56Z,38.837177,-94.789062
2024-6-8T20:39:59Z,38.837177,-94.789062
2024-6-8T20:40:2Z,38.837177,-94.789062
2024-6-8T20:40:5Z,38.837177,-94.789078
2024-6-8T20:40:8Z,38.837177,-94.789062
2024-6-8T20:40:11Z,38.837185,-94.789062
2024-6-8T20:40:14Z,38.837185,-94.789078
2024-6-8T20:40:17Z,38.837181,-94.789062
2024-6-8T20:40:20Z,38.837181,-94.789078
2024-6-8T20:40:23Z,38.837181,-94.789078
2024-6-8T20:40:26Z,38.837177,-94.789078
2024-6-8T20:40:29Z,38.837177,-94.789078
2024-6-8T20:40:32Z,38.837181,-94.789108
2024-6-8T20:40:35Z,38.837181,-94.789093
2024-6-8T20:40:38Z,38.837181,-94.789093
2024-6-8T20:40:41Z,38.837177,-94.789093
2024-6-8T20:40:44Z,38.837177,-94.789093
2024-6-8T20:40:47Z,38.837177,-94.789093
2024-6-8T20:40:50Z,38.837173,-94.789093
2024-6-8T20:40:53Z,38.837177,-94.789093
2024-6-8T20:40:56Z,38.837185,-94.789093
2024-6-8T20:40:59Z,38.837177,-94.789093
2024-6-8T20:41:2Z,38.837177,-94.789093
2024-6-8T20:41:5Z,38.837173,-94.789093
2024-6-8T20:41:8Z,38.837177,-94.789093
2024-6-8T20:41:11Z,38.837173,-94.789108
2024-6-8T20:41:14Z,38.837173,-94.789108
2024-6-8T20:41:17Z,38.837170,-94.789108
2024-6-8T20:41:20Z,38.837166,-94.789108
2024-6-8T20:41:23Z,38.837158,-94.789093
2024-6-8T20:41:26Z,38.837154,-94.789093
2024-6-8T20:41:29Z,38.837151,-94.789093
2024-6-8T20:41:32Z,38.837151,-94.789093
2024-6-8T20:41:35Z,38.837151,-94.789078
2024-6-8T20:41:38Z,38.837158,-94.789078
2024-6-8T20:41:41Z,38.837154,-94.789078
2024-6-8T20:41:44Z,38.837151,-94.789078
2024-6-8T20:41:47Z,38.837151,-94.789078
2024-6-8T20:41:50Z,38.837154,-94.789078
2024-6-8T20:41:53Z,38.837151,-94.789078
2024-6-8T20:41:56Z,38.837154,-94.789062
2024-6-8T20:41:59Z,38.837151,-94.789062
2024-6-8T20:42:2Z,38.837151,-94.789062
2024-6-8T20:42:5Z,38.837151,-94.789078
2024-6-8T20:42:8Z,38.837135,-94.789093
2024-6-8T20:42:11Z,38.837139,-94.789093
2024-6-8T20:42:14Z,38.837135,-94.789093
2024-6-8T20:42:17Z,38.837143,-94.789108
2024-6-8T20:42:20Z,38.837139,-94.789093
2024-6-8T20:42:23Z,38.837135,-94.789093
2024-6-8T20:42:26Z,38.837139,-94.789093
2024-6-8T20:42:29Z,38.837143,-94.789078
2024-6-8T20:42:32Z,38.837147,-94.789078
2024-6-8T20:42:35Z,38.837151,-94.789078
2024-6-8T20:42:38Z,38.837151,-94.789078
2024-6-8T20:42:41Z,38.837151,-94.789062
2024-6-8T20:42:44Z,38.837147,-94.789047
2024-6-8T20:42:47Z,38.837147,-94.789047
2024-6-8T20:42:50Z,38.837147,-94.789032
2024-6-8T20:42:53Z,38.837147,-94.789017
2024-6-8T20:42:56Z,38.837154,-94.789017
2024-6-8T20:42:59Z,38.837162,-94.789017
2024-6-8T20:43:2Z,38.837166,-94.789032
2024-6-8T20:43:5Z,38.837166,-94.789032
2024-6-8T20:43:8Z,38.837170,-94.789032
2024-6-8T20:43:11Z,38.837170,-94.789032
2024-6-8T20:43:14Z,38.837170,-94.789047
2024-6-8T20:43:17Z,38.837173,-94.789047
2024-6-8T20:43:20Z,38.837177,-94.789047
2024-6-8T20:43:23Z,38.837173,-94.789047
2024-6-8T20:43:26Z,38.837177,-94.789032
2024-6-8T20:43:29Z,38.837173,-94.789017
2024-6-8T20:43:32Z,38.837170,-94.788994
2024-6-8T20:43:35Z,38.837166,-94.788994
2024-6-8T20:43:38Z,38.837166,-94.788994
2024-6-8T20:43:41Z,38.837166,-94.788994
2024-6-8T20:43:44Z,38.837166,-94.788994
2024-6-8T20:43:47Z,38.837162,-94.788994
2024-6-8T20:43:50Z,38.837166,-94.789017
2024-6-8T20:43:53Z,38.837158,-94.789017
2024-6-8T20:43:56Z,38.837158,-94.789032
2024-6-8T20:43:59Z,38.837158,-94.789032
2024-6-8T20:44:2Z,38.837158,-94.789032
2024-6-8T20:44:5Z,38.837162,-94.789032
2024-6-8T20:44:8Z,38.837162,-94.789032
2024-6-8T20:44:11Z,38.837158,-94.789032
2024-6-8T20:44:14Z,38.837158,-94.789032
2024-6-8T20:44:17Z,38.837158,-94.789047
2024-6-8T20:44:20Z,38.837162,-94.789047
2024-6-8T20:44:23Z,38.837166,-94.789047
2024-6-8T20:44:26Z,38.837162,-94.789047
2024-6-8T20:44:29Z,38.837166,-94.789047
2024-6-8T20:44:32Z,38.837170,-94.789047
2024-6-8T20:44:35Z,38.837173,-94.789047
2024-6-8T20:44:38Z,38.837166,-94.789032
2024-6-8T20:44:41Z,38.837173,-94.789032
2024-6-8T20:44:44Z,38.837170,-94.789032
2024-6-8T20:44:47Z,38.837173,-94.789017
2024-6-8T20:44:50Z,38.837170,-94.789017
2024-6-8T20:44:53Z,38.837170,-94.789017
2024-6-8T20:44:56Z,38.837173,-94.789017
2024-6-8T20:44:59Z,38.837185,-94.788994
2024-6-8T20:45:2Z,38.837185,-94.788994
2024-6-8T20:45:5Z,38.837185,-94.789017
2024-6-8T20:45:8Z,38.837185,-94.788994
2024-6-8T20:45:11Z,38.837185,-94.789017
2024-6-8T20:45:14Z,38.837177,-94.789017
2024-6-8T20:45:17Z,38.837181,-94.789017
2024-6-8T20:45:20Z,38.837177,-94.789032
2024-6-8T20:45:23Z,38.837193,-94.789032
2024-6-8T20:45:26Z,38.837185,-94.789032
2024-6-8T20:45:29Z,38.837193,-94.789017
2024-6-8T20:45:32Z,38.837193,-94.789032
2024-6-8T20:45:35Z,38.837200,-94.789032
2024-6-8T20:45:38Z,38.837200,-94.789032
2024-6-8T20:45:41Z,38.837204,-94.789032
2024-6-8T20:45:44Z,38.837200,-94.789032
2024-6-8T20:45:47Z,38.837196,-94.789032
2024-6-8T20:45:51Z,38.837193,-94.789032
2024-6-8T20:45:53Z,38.837196,-94.789062
2024-6-8T20:45:57Z,38.837196,-94.789062
2024-6-8T20:45:59Z,38.837185,-94.789062
2024-6-8T20:46:3Z,38.837181,-94.789062
2024-6-8T20:46:6Z,38.837177,-94.789062
2024-6-8T20:46:9Z,38.837181,-94.789047
2024-6-8T20:46:12Z,38.837181,-94.789047
2024-6-8T20:46:15Z,38.837181,-94.789047
2024-6-8T20:46:18Z,38.837181,-94.789032
2024-6-8T20:46:21Z,38.837181,-94.789032
2024-6-8T20:46:24Z,38.837173,-94.789032
2024-6-8T20:46:27Z,38.837170,-94.789047
2024-6-8T20:46:30Z,38.837170,-94.789047
2024-6-8T20:46:33Z,38.837170,-94.789032
2024-6-8T20:46:36Z,38.837173,-94.789047
2024-6-8T20:46:39Z,38.837181,-94.789047
2024-6-8T20:46:42Z,38.837193,-94.789062
2024-6-8T20:46:45Z,38.837196,-94.789062
2024-6-8T20:46:48Z,38.837185,-94.789047
2024-6-8T20:46:51Z,38.837181,-94.789032
2024-6-8T20:46:54Z,38.837181,-94.789032
2024-6-8T20:46:57Z,38.837193,-94.789017
2024-6-8T20:47:0Z,38.837200,-94.788994
2024-6-8T20:47:3Z,38.837204,-94.788994
2024-6-8T20:47:6Z,38.837215,-94.788994
2024-6-8T20:47:9Z,38.837223,-94.789032
2024-6-8T20:47:12Z,38.837227,-94.789047
2024-6-8T20:47:15Z,38.837242,-94.789062
2024-6-8T20:47:18Z,38.837254,-94.789062
2024-6-8T20:47:21Z,38.837254,-94.789062
2024-6-8T20:47:24Z,38.837242,-94.789062
2024-6-8T20:47:27Z,38.837242,-94.789062
2024-6-8T20:47:30Z,38.837242,-94.789062
2024-6-8T20:47:33Z,38.837242,-94.789047
2024-6-8T20:47:36Z,38.837238,-94.789032
2024-6-8T20:47:39Z,38.837231,-94.789017
2024-6-8T20:47:42Z,38.837223,-94.788994
2024-6-8T20:47:45Z,38.837219,-94.788994
2024-6-8T20:47:48Z,38.837212,-94.788994
2024-6-8T20:47:51Z,38.837200,-94.788963
2024-6-8T20:47:54Z,38.837181,-94.788963
2024-6-8T20:47:57Z,38.837181,-94.788963
2024-6-8T20:48:0Z,38.837181,-94.788963
2024-6-8T20:48:3Z,38.837181,-94.788994
2024-6-8T20:48:6Z,38.837181,-94.788979
2024-6-8T20:48:9Z,38.837177,-94.788963
2024-6-8T20:48:12Z,38.837181,-94.788979
2024-6-8T20:48:15Z,38.837162,-94.788979
2024-6-8T20:48:18Z,38.837151,-94.788979
2024-6-8T20:48:21Z,38.837135,-94.788963
2024-6-8T20:48:24Z,38.837135,-94.788948
2024-6-8T20:48:27Z,38.837143,-94.788933
2024-6-8T20:48:30Z,38.837143,-94.788933
2024-6-8T20:48:33Z,38.837151,-94.788948
2024-6-8T20:48:36Z,38.837147,-94.788948
2024-6-8T20:48:39Z,38.837151,-94.788948
2024-6-8T20:48:42Z,38.837154,-94.788948
2024-6-8T20:48:45Z,38.837158,-94.788948
2024-6-8T20:48:48Z,38.837154,-94.788963
2024-6-8T20:48:51Z,38.837151,-94.788963
2024-6-8T20:48:54Z,38.837147,-94.788963
2024-6-8T20:48:57Z,38.837147,-94.788963
2024-6-8T20:49:0Z,38.837147,-94.788979
2024-6-8T20:49:3Z,38.837154,-94.788994
2024-6-8T20:49:6Z,38.837154,-94.788994
2024-6-8T20:49:9Z,38.837151,-94.788994
2024-6-8T20:49:12Z,38.837147,-94.788994
2024-6-8T20:49:15Z,38.837143,-94.788994
2024-6-8T20:49:18Z,38.837139,-94.788979
2024-6-8T20:49:21Z,38.837135,-94.788979
2024-6-8T20:49:24Z,38.837132,-94.788979
2024-6-8T20:49:27Z,38.837132,-94.788994
2024-6-8T20:49:30Z,38.837135,-94.788994
2024-6-8T20:49:33Z,38.837139,-94.788994
2024-6-8T20:49:36Z,38.837139,-94.789017
2024-6-8T20:49:39Z,38.837135,-94.789017
2024-6-8T20:49:42Z,38.837139,-94.789017
2024-6-8T20:49:45Z,38.837139,-94.789017
2024-6-8T20:49:48Z,38.837143,-94.788994
2024-6-8T20:49:51Z,38.837139,-94.788979
2024-6-8T20:49:54Z,38.837143,-94.788963
2024-6-8T20:49:57Z,38.837147,-94.788963
2024-6-8T20:50:0Z,38.837147,-94.788948
2024-6-8T20:50:3Z,38.837158,-94.788963
2024-6-8T20:50:6Z,38.837151,-94.788963
2024-6-8T20:50:9Z,38.837162,-94.788963
2024-6-8T20:50:12Z,38.837170,-94.788979
2024-6-8T20:50:15Z,38.837181,-94.788994
2024-6-8T20:50:18Z,38.837177,-94.788994
2024-6-8T20:50:21Z,38.837173,-94.788979
2024-6-8T20:50:24Z,38.837166,-94.788963
2024-6-8T20:50:27Z,38.837158,-94.788948
2024-6-8T20:50:30Z,38.837154,-94.788948
2024-6-8T20:50:33Z,38.837151,-94.788948
2024-6-8T20:50:36Z,38.837147,-94.788948
2024-6-8T20:50:39Z,38.837147,-94.788948
2024-6-8T20:50:42Z,38.837143,-94.788933
2024-6-8T20:50:45Z,38.837151,-94.788933
2024-6-8T20:50:48Z,38.837143,-94.788918
2024-6-8T20:50:51Z,38.837158,-94.788933
2024-6-8T20:50:54Z,38.837162,-94.788933
2024-6-8T20:50:57Z,38.837158,-94.788918
2024-6-8T20:51:0Z,38.837170,-94.788933
2024-6-8T20:51:3Z,38.837181,-94.788948
2024-6-8T20:51:6Z,38.837196,-94.788979
2024-6-8T20:51:9Z,38.837204,-94.788994
2024-6-8T20:51:12Z,38.837212,-94.789032
2024-6-8T20:51:15Z,38.837215,-94.789047
2024-6-8T20:51:18Z,38.837219,-94.789062
2024-6-8T20:51:21Z,38.837227,-94.789047
2024-6-8T20:51:24Z,38.837231,-94.789062
2024-6-8T20:51:27Z,38.837234,-94.789062
2024-6-8T20:51:30Z,38.837234,-94.789062
2024-6-8T20:51:33Z,38.837238,-94.789062
2024-6-8T20:51:36Z,38.837246,-94.789078
2024-6-8T20:51:39Z,38.837238,-94.789093
2024-6-8T20:51:42Z,38.837238,-94.789093
2024-6-8T20:51:45Z,38.837234,-94.789093
2024-6-8T20:51:48Z,38.837231,-94.789078
2024-6-8T20:51:51Z,38.837227,-94.789078
2024-6-8T20:51:54Z,38.837223,-94.789078
2024-6-8T20:51:57Z,38.837227,-94.789062
2024-6-8T20:52:0Z,38.837227,-94.789062
2024-6-8T20:52:3Z,38.837223,-94.789062
2024-6-8T20:52:6Z,38.837212,-94.789062
2024-6-8T20:52:9Z,38.837208,-94.789062
2024-6-8T20:52:12Z,38.837208,-94.789062
2024-6-8T20:52:15Z,38.837212,-94.789062
2024-6-8T20:52:18Z,38.837212,-94.789062
2024-6-8T20:52:21Z,38.837200,-94.789047
2024-6-8T20:52:24Z,38.837204,-94.789062
2024-6-8T20:52:27Z,38.837196,-94.789062
2024-6-8T20:52:30Z,38.837185,-94.789047
2024-6-8T20:52:33Z,38.837177,-94.789047
2024-6-8T20:52:36Z,38.837173,-94.789047
2024-6-8T20:52:39Z,38.837177,-94.789047
2024-6-8T20:52:42Z,38.837181,-94.789047
2024-6-8T20:52:45Z,38.837193,-94.789032
2024-6-8T20:52:48Z,38.837200,-94.789047
2024-6-8T20:52:51Z,38.837208,-94.789047
2024-6-8T20:52:54Z,38.837208,-94.789047
2024-6-8T20:52:57Z,38.837208,-94.789062
2024-6-8T20:53:0Z,38.837208,-94.789062
2024-6-8T20:53:3Z,38.837208,-94.789078
2024-6-8T20:53:6Z,38.837208,-94.789093
2024-6-8T20:53:9Z,38.837185,-94.789093
2024-6-8T20:53:12Z,38.837173,-94.789078
2024-6-8T20:53:15Z,38.837170,-94.789062
2024-6-8T20:53:18Z,38.837158,-94.789062
2024-6-8T20:53:21Z,38.837158,-94.789062
2024-6-8T20:53:24Z,38.837154,-94.789062
2024-6-8T20:53:27Z,38.837158,-94.789062
2024-6-8T20:53:30Z,38.837158,-94.789047
2024-6-8T20:53:33Z,38.837166,-94.789047
2024-6-8T20:53:36Z,38.837173,-94.789062
2024-6-8T20:53:39Z,38.837185,-94.789047
2024-6-8T20:53:42Z,38.837185,-94.789047
2024-6-8T20:53:45Z,38.837181,-94.789047
2024-6-8T20:53:48Z,38.837177,-94.789047
2024-6-8T20:53:51Z,38.837173,-94.789047
2024-6-8T20:53:54Z,38.837181,-94.789047
2024-6-8T20:53:57Z,38.837185,-94.789062
2024-6-8T20:54:0Z,38.837177,-94.789062
2024-6-8T20:54:3Z,38.837173,-94.789047
2024-6-8T20:54:6Z,38.837166,-94.789047
2024-6-8T20:54:9Z,38.837162,-94.789047
2024-6-8T20:54:12Z,38.837162,-94.789047
2024-6-8T20:54:15Z,38.837158,-94.789032
2024-6-8T20:54:18Z,38.837162,-94.789032
2024-6-8T20:54:21Z,38.837177,-94.789032
2024-6-8T20:54:24Z,38.837177,-94.789017
2024-6-8T20:54:27Z,38.837185,-94.789017
2024-6-8T20:54:30Z,38.837193,-94.789017
2024-6-8T20:54:33Z,38.837196,-94.789017
2024-6-8T20:54:36Z,38.837196,-94.789017
2024-6-8T20:54:39Z,38.837196,-94.789017
2024-6-8T20:54:42Z,38.837185,-94.789032
2024-6-8T20:54:45Z,38.837181,-94.789032
2024-6-8T20:54:48Z,38.837177,-94.789047
2024-6-8T20:54:51Z,38.837173,-94.789047
2024-6-8T20:54:54Z,38.837170,-94.789032
2024-6-8T20:54:57Z,38.837162,-94.789032
2024-6-8T20:55:0Z,38.837151,-94.789032
2024-6-8T20:55:3Z,38.837158,-94.789032
2024-6-8T20:55:6Z,38.837154,-94.789032
2024-6-8T20:55:9Z,38.837158,-94.789032
2024-6-8T20:55:12Z,38.837151,-94.789047
2024-6-8T20:55:15Z,38.837158,-94.789047
2024-6-8T20:55:18Z,38.837162,-94.789047
2024-6-8T20:55:21Z,38.837166,-94.789047
2024-6-8T20:55:24Z,38.837162,-94.789032
2024-6-8T20:55:27Z,38.837170,-94.789032
2024-6-8T20:55:30Z,38.837173,-94.789032
2024-6-8T20:55:33Z,38.837181,-94.789032
2024-6-8T20:55:36Z,38.837181,-94.789032
2024-6-8T20:55:39Z,38.837200,-94.789032
2024-6-8T20:55:42Z,38.837208,-94.789047
2024-6-8T20:55:45Z,38.837193,-94.789047
2024-6-8T20:55:48Z,38.837181,-94.789047
2024-6-8T20:55:51Z,38.837185,-94.789062
2024-6-8T20:55:54Z,38.837177,-94.789047
2024-6-8T20:55:57Z,38.837196,-94.789032
2024-6-8T20:56:0Z,38.837208,-94.789032
2024-6-8T20:56:3Z,38.837208,-94.789032
2024-6-8T20:56:6Z,38.837208,-94.789032
2024-6-8T20:56:9Z,38.837212,-94.789032
2024-6-8T20:56:12Z,38.837215,-94.789032
2024-6-8T20:56:15Z,38.837204,-94.789032
2024-6-8T20:56:18Z,38.837196,-94.789017
2024-6-8T20:56:21Z,38.837196,-94.789032
2024-6-8T20:56:24Z,38.837185,-94.789032
2024-6-8T20:56:27Z,38.837181,-94.789032
2024-6-8T20:56:30Z,38.837193,-94.789032
2024-6-8T20:56:33Z,38.837185,-94.789032
2024-6-8T20:56:36Z,38.837196,-94.789047
2024-6-8T20:56:39Z,38.837196,-94.789047
2024-6-8T20:56:42Z,38.837204,-94.789062
2024-6-8T20:56:45Z,38.837200,-94.789062
2024-6-8T20:56:48Z,38.837200,-94.789078
2024-6-8T20:56:51Z,38.837196,-94.789078
2024-6-8T20:56:54Z,38.837185,-94.789078
2024-6-8T20:56:57Z,38.837181,-94.789093
2024-6-8T20:57:0Z,38.837177,-94.789093
2024-6-8T20:57:3Z,38.837170,-94.789108
2024-6-8T20:57:6Z,38.837170,-94.789108
2024-6-8T20:57:9Z,38.837162,-94.789108
2024-6-8T20:57:12Z,38.837162,-94.789108
2024-6-8T20:57:15Z,38.837166,-94.789108
2024-6-8T20:57:18Z,38.837166,-94.789093
2024-6-8T20:57:21Z,38.837173,-94.789093
2024-6-8T20:57:24Z,38.837181,-94.789093
2024-6-8T20:57:27Z,38.837173,-94.789062
2024-6-8T20:57:30Z,38.837173,-94.789047
2024-6-8T20:57:33Z,38.837170,-94.789047
2024-6-8T20:57:36Z,38.837170,-94.789047
2024-6-8T20:57:39Z,38.837154,-94.789062
2024-6-8T20:57:42Z,38.837158,-94.789062
2024-6-8T20:57:45Z,38.837158,-94.789047
2024-6-8T20:57:48Z,38.837162,-94.789047
2024-6-8T20:57:51Z,38.837166,-94.789047
2024-6-8T20:57:54Z,38.837166,-94.789047
2024-6-8T20:57:57Z,38.837166,-94.789062
2024-6-8T20:58:0Z,38.837158,-94.789062
2024-6-8T20:58:3Z,38.837158,-94.789062
2024-6-8T20:58:6Z,38.837166,-94.789062
2024-6-8T20:58:9Z,38.837162,-94.789062
2024-6-8T20:58:12Z,38.837177,-94.789062
2024-6-8T20:58:15Z,38.837170,-94.789062
2024-6-8T20:58:18Z,38.837177,-94.789047
2024-6-8T20:58:21Z,38.837173,-94.789047
2024-6-8T20:58:24Z,38.837177,-94.789062
2024-6-8T20:58:27Z,38.837173,-94.789062
2024-6-8T20:58:30Z,38.837185,-94.789062
2024-6-8T20:58:33Z,38.837177,-94.789062
2024-6-8T20:58:36Z,38.837181,-94.789047
2024-6-8T20:58:39Z,38.837193,-94.789047
2024-6-8T20:58:42Z,38.837185,-94.789047
2024-6-8T20:58:45Z,38.837181,-94.789062
2024-6-8T20:58:48Z,38.837181,-94.789062
2024-6-8T20:58:51Z,38.837177,-94.789062
2024-6-8T20:58:54Z,38.837173,-94.789093
2024-6-8T20:58:57Z,38.837170,-94.789093
2024-6-8T20:59:0Z,38.837177,-94.789078
2024-6-8T20:59:3Z,38.837177,-94.789062
2024-6-8T20:59:6Z,38.837185,-94.789062
2024-6-8T20:59:9Z,38.837185,-94.789078
2024-6-8T20:59:12Z,38.837185,-94.789078
2024-6-8T20:59:15Z,38.837185,-94.789093
2024-6-8T20:59:18Z,38.837181,-94.789078
2024-6-8T20:59:21Z,38.837196,-94.789078
2024-6-8T20:59:24Z,38.837196,-94.789062
2024-6-8T20:59:27Z,38.837200,-94.789047
2024-6-8T20:59:30Z,38.837196,-94.789017
2024-6-8T20:59:33Z,38.837193,-94.789017
2024-6-8T20:59:36Z,38.837196,-94.789017
2024-6-8T20:59:39Z,38.837181,-94.788994
2024-6-8T20:59:42Z,38.837170,-94.789017
2024-6-8T20:59:45Z,38.837173,-94.789017
2024-6-8T20:59:48Z,38.837170,-94.789032
2024-6-8T20:59:51Z,38.837170,-94.789032
2024-6-8T20:59:54Z,38.837158,-94.789047
2024-6-8T20:59:57Z,38.837151,-94.789062
2024-6-8T21:0:0Z,38.837151,-94.789078
2024-6-8T21:0:3Z,38.837147,-94.789108
2024-6-8T21:0:6Z,38.837151,-94.789108
2024-6-8T21:0:9Z,38.837154,-94.789093
2024-6-8T21:0:12Z,38.837147,-94.789108
2024-6-8T21:0:15Z,38.837139,-94.789108
2024-6-8T21:0:18Z,38.837135,-94.789108
2024-6-8T21:0:21Z,38.837139,-94.789108
2024-6-8T21:0:24Z,38.837143,-94.789108
2024-6-8T21:0:27Z,38.837139,-94.789078
2024-6-8T21:0:30Z,38.837143,-94.789078
2024-6-8T21:0:33Z,38.837139,-94.789047
2024-6-8T21:0:36Z,38.837158,-94.789032
2024-6-8T21:0:39Z,38.837162,-94.789017
2024-6-8T21:0:42Z,38.837170,-94.789032
2024-6-8T21:0:45Z,38.837158,-94.789032
2024-6-8T21:0:48Z,38.837158,-94.789032
2024-6-8T21:0:51Z,38.837151,-94.789032
2024-6-8T21:0:54Z,38.837143,-94.789032
2024-6-8T21:0:57Z,38.837139,-94.789032
2024-6-8T21:1:0Z,38.837143,-94.789047
2024-6-8T21:1:3Z,38.837143,-94.789062
2024-6-8T21:1:6Z,38.837147,-94.789062
2024-6-8T21:1:9Z,38.837147,-94.789062
2024-6-8T21:1:12Z,38.837158,-94.789047
2024-6-8T21:1:15Z,38.837170,-94.789032
2024-6-8T21:1:18Z,38.837173,-94.789032
2024-6-8T21:1:21Z,38.837166,-94.789017
2024-6-8T21:1:24Z,38.837173,-94.789017
2024-6-8T21:1:27Z,38.837162,-94.789017
2024-6-8T21:1:30Z,38.837158,-94.789017
2024-6-8T21:1:33Z,38.837158,-94.789032
2024-6-8T21:1:36Z,38.837158,-94.789047
2024-6-8T21:1:39Z,38.837158,-94.789047
2024-6-8T21:1:42Z,38.837151,-94.789047
2024-6-8T21:1:45Z,38.837147,-94.789047
2024-6-8T21:1:48Z,38.837147,-94.789047
2024-6-8T21:1:51Z,38.837143,-94.789047
2024-6-8T21:1:54Z,38.837147,-94.789047
2024-6-8T21:1:57Z,38.837143,-94.789047
2024-6-8T21:2:0Z,38.837147,-94.789047
2024-6-8T21:2:3Z,38.837143,-94.789047
2024-6-8T21:2:6Z,38.837143,-94.789062
2024-6-8T21:2:9Z,38.837120,-94.789062
2024-6-8T21:2:12Z,38.837112,-94.789078
2024-6-8T21:2:15Z,38.837112,-94.789078
2024-6-8T21:2:18Z,38.837124,-94.789078
2024-6-8T21:2:21Z,38.837139,-94.789078
2024-6-8T21:2:24Z,38.837135,-94.789062
2024-6-8T21:2:27Z,38.837139,-94.789062
2024-6-8T21:2:30Z,38.837143,-94.789047
2024-6-8T21:2:33Z,38.837151,-94.789047
2024-6-8T21:2:36Z,38.837162,-94.789017
2024-6-8T21:2:39Z,38.837170,-94.789032
2024-6-8T21:2:42Z,38.837173,-94.789017
2024-6-8T21:2:45Z,38.837193,-94.788994
2024-6-8T21:2:48Z,38.837208,-94.788994
2024-6-8T21:2:51Z,38.837204,-94.788979
2024-6-8T21:2:54Z,38.837208,-94.788994
2024-6-8T21:2:57Z,38.837200,-94.788979
2024-6-8T21:3:0Z,38.837196,-94.788979
2024-6-8T21:3:3Z,38.837212,-94.788979
2024-6-8T21:3:6Z,38.837208,-94.788963
2024-6-8T21:3:9Z,38.837208,-94.788979
2024-6-8T21:3:12Z,38.837196,-94.788979
2024-6-8T21:3:15Z,38.837193,-94.788963
2024-6-8T21:3:18Z,38.837181,-94.788963
2024-6-8T21:3:21Z,38.837185,-94.788979
2024-6-8T21:3:24Z,38.837185,-94.788979
2024-6-8T21:3:27Z,38.837185,-94.788994
2024-6-8T21:3:30Z,38.837177,-94.788994
2024-6-8T21:3:33Z,38.837177,-94.788994
2024-6-8T21:3:36Z,38.837173,-94.789017
2024-6-8T21:3:39Z,38.837166,-94.789017
2024-6-8T21:3:42Z,38.837166,-94.789032
2024-6-8T21:3:45Z,38.837170,-94.789032
2024-6-8T21:3:48Z,38.837170,-94.789032
2024-6-8T21:3:51Z,38.837170,-94.789017
2024-6-8T21:3:54Z,38.837162,-94.789017
2024-6-8T21:3:57Z,38.837162,-94.789017
2024-6-8T21:4:0Z,38.837158,-94.789032
2024-6-8T21:4:3Z,38.837154,-94.789032
2024-6-8T21:4:6Z,38.837166,-94.789032
2024-6-8T21:4:9Z,38.837177,-94.789017
2024-6-8T21:4:12Z,38.837185,-94.788994
2024-6-8T21:4:15Z,38.837200,-94.788994
2024-6-8T21:4:18Z,38.837208,-94.788979
2024-6-8T21:4:21Z,38.837208,-94.788994
2024-6-8T21:4:24Z,38.837208,-94.788994
2024-6-8T21:4:27Z,38.837208,-94.788994
2024-6-8T21:4:30Z,38.837208,-94.788963
2024-6-8T21:4:33Z,38.837212,-94.788963
2024-6-8T21:4:36Z,38.837208,-94.788979
2024-6-8T21:4:39Z,38.837204,-94.788979
2024-6-8T21:4:42Z,38.837196,-94.788994
2024-6-8T21:4:45Z,38.837208,-94.788994
2024-6-8T21:4:48Z,38.837200,-94.788994
2024-6-8T21:4:51Z,38.837215,-94.788979
2024-6-8T21:4:54Z,38.837223,-94.788979
2024-6-8T21:4:57Z,38.837234,-94.788979
2024-6-8T21:5:0Z,38.837238,-94.788963
2024-6-8T21:5:3Z,38.837238,-94.788963
2024-6-8T21:5:6Z,38.837231,-94.788979
2024-6-8T21:5:9Z,38.837223,-94.788979
2024-6-8T21:5:12Z,38.837215,-94.788979
2024-6-8T21:5:15Z,38.837204,-94.788994
2024-6-8T21:5:18Z,38.837193,-94.788994
2024-6-8T21:5:21Z,38.837173,-94.788994
2024-6-8T21:5:24Z,38.837196,-94.788963
2024-6-8T21:5:27Z,38.837208,-94.788963
2024-6-8T21:5:30Z,38.837204,-94.788963
2024-6-8T21:5:33Z,38.837204,-94.788963
2024-6-8T21:5:36Z,38.837204,-94.788963
2024-6-8T21:5:39Z,38.837208,-94.788979
2024-6-8T21:5:42Z,38.837204,-94.788979
2024-6-8T21:5:45Z,38.837185,-94.788994
2024-6-8T21:5:48Z,38.837177,-94.788979
2024-6-8T21:5:51Z,38.837170,-94.788994
2024-6-8T21:5:54Z,38.837162,-94.788994
2024-6-8T21:5:57Z,38.837151,-94.789017
2024-6-8T21:6:0Z,38.837151,-94.789017
2024-6-8T21:6:3Z,38.837151,-94.789017
2024-6-8T21:6:6Z,38.837151,-94.789017
2024-6-8T21:6:9Z,38.837154,-94.789017
2024-6-8T21:6:12Z,38.837158,-94.789017
2024-6-8T21:6:15Z,38.837162,-94.789017
2024-6-8T21:6:18Z,38.837166,-94.789017
2024-6-8T21:6:21Z,38.837166,-94.789017
2024-6-8T21:6:24Z,38.837185,-94.789017
2024-6-8T21:6:27Z,38.837196,-94.788994
2024-6-8T21:6:30Z,38.837200,-94.788963
2024-6-8T21:6:33Z,38.837208,-94.788963
2024-6-8T21:6:36Z,38.837200,-94.788963
2024-6-8T21:6:39Z,38.837196,-94.788948
2024-6-8T21:6:42Z,38.837196,-94.788963
2024-6-8T21:6:45Z,38.837200,-94.788963
2024-6-8T21:6:48Z,38.837196,-94.788963
2024-6-8T21:6:51Z,38.837196,-94.788963
2024-6-8T21:6:54Z,38.837200,-94.788963
2024-6-8T21:6:57Z,38.837185,-94.788963
2024-6-8T21:7:0Z,38.837196,-94.788963
2024-6-8T21:7:3Z,38.837196,-94.788963
2024-6-8T21:7:6Z,38.837204,-94.788963
2024-6-8T21:7:9Z,38.837200,-94.788963
2024-6-8T21:7:12Z,38.837204,-94.788963
2024-6-8T21:7:15Z,38.837204,-94.788963
2024-6-8T21:7:18Z,38.837204,-94.788963
2024-6-8T21:7:21Z,38.837212,-94.788948
2024-6-8T21:7:24Z,38.837212,-94.788933
2024-6-8T21:7:27Z,38.837219,-94.788933
2024-6-8T21:7:30Z,38.837212,-94.788933
2024-6-8T21:7:33Z,38.837215,-94.788933
2024-6-8T21:7:36Z,38.837212,-94.788948
2024-6-8T21:7:39Z,38.837208,-94.788963
2024-6-8T21:7:42Z,38.837185,-94.788979
2024-6-8T21:7:45Z,38.837204,-94.788963
2024-6-8T21:7:48Z,38.837223,-94.788918
2024-6-8T21:7:51Z,38.837238,-94.788887
2024-6-8T21:7:54Z,38.837254,-94.788864
2024-6-8T21:7:57Z,38.837257,-94.788864
2024-6-8T21:8:0Z,38.837246,-94.788887
2024-6-8T21:8:3Z,38.837246,-94.788902
2024-6-8T21:8:6Z,38.837227,-94.788918
2024-6-8T21:8:9Z,38.837223,-94.788918
2024-6-8T21:8:12Z,38.837208,-94.788933
2024-6-8T21:8:15Z,38.837204,-94.788933
2024-6-8T21:8:18Z,38.837208,-94.788948
2024-6-8T21:8:21Z,38.837200,-94.788963
2024-6-8T21:8:24Z,38.837204,-94.788948
2024-6-8T21:8:27Z,38.837200,-94.788963
2024-6-8T21:8:30Z,38.837200,-94.788963
2024-6-8T21:8:33Z,38.837196,-94.788963
2024-6-8T21:8:36Z,38.837196,-94.788979
2024-6-8T21:8:39Z,38.837200,-94.788979
2024-6-8T21:8:42Z,38.837193,-94.788979
2024-6-8T21:8:45Z,38.837193,-94.788979
2024-6-8T21:8:48Z,38.837170,-94.788994
2024-6-8T21:8:51Z,38.837154,-94.788994
2024-6-8T21:8:54Z,38.837147,-94.789017
2024-6-8T21:8:57Z,38.837143,-94.789017
2024-6-8T21:9:0Z,38.837135,-94.789032
2024-6-8T21:9:3Z,38.837139,-94.789032
2024-6-8T21:9:6Z,38.837139,-94.789017
2024-6-8T21:9:9Z,38.837151,-94.789017
2024-6-8T21:9:12Z,38.837151,-94.789017
2024-6-8T21:9:15Z,38.837162,-94.789032
2024-6-8T21:9:18Z,38.837151,-94.789032
2024-6-8T21:9:21Z,38.837170,-94.789032
2024-6-8T21:9:24Z,38.837166,-94.789032
2024-6-8T21:9:27Z,38.837166,-94.789032
2024-6-8T21:9:30Z,38.837158,-94.789032
2024-6-8T21:9:33Z,38.837162,-94.789032
2024-6-8T21:9:36Z,38.837158,-94.789032
2024-6-8T21:9:39Z,38.837162,-94.789032
2024-6-8T21:9:42Z,38.837151,-94.789032
2024-6-8T21:9:45Z,38.837151,-94.789032
2024-6-8T21:9:48Z,38.837147,-94.789032
2024-6-8T21:9:51Z,38.837151,-94.789032
2024-6-8T21:9:54Z,38.837147,-94.789032
2024-6-8T21:9:57Z,38.837154,-94.789032
2024-6-8T21:10:0Z,38.837154,-94.789032
2024-6-8T21:10:3Z,38.837158,-94.789032
2024-6-8T21:10:6Z,38.837162,-94.789032
2024-6-8T21:10:9Z,38.837177,-94.789017
2024-6-8T21:10:12Z,38.837185,-94.789017
2024-6-8T21:10:15Z,38.837204,-94.789017
2024-6-8T21:10:18Z,38.837208,-94.789017
2024-6-8T21:10:21Z,38.837215,-94.788994
2024-6-8T21:10:24Z,38.837212,-94.788994
2024-6-8T21:10:27Z,38.837231,-94.788979
2024-6-8T21:10:30Z,38.837238,-94.788963
2024-6-8T21:10:33Z,38.837231,-94.788963
2024-6-8T21:10:36Z,38.837181,-94.788979
2024-6-8T21:10:39Z,38.837173,-94.788979
2024-6-8T21:10:42Z,38.837173,-94.788979
2024-6-8T21:10:45Z,38.837177,-94.788979
2024-6-8T21:10:48Z,38.837193,-94.788979
2024-6-8T21:10:51Z,38.837193,-94.788963
2024-6-8T21:10:54Z,38.837185,-94.788963
2024-6-8T21:10:57Z,38.837196,-94.788948
2024-6-8T21:11:0Z,38.837196,-94.788948
2024-6-8T21:11:3Z,38.837196,-94.788963
2024-6-8T21:11:6Z,38.837177,-94.788963
2024-6-8T21:11:9Z,38.837177,-94.788979
2024-6-8T21:11:12Z,38.837173,-94.788979
2024-6-8T21:11:15Z,38.837170,-94.788979
2024-6-8T21:11:18Z,38.837170,-94.788994
2024-6-8T21:11:21Z,38.837166,-94.788979
2024-6-8T21:11:24Z,38.837166,-94.788979
2024-6-8T21:11:27Z,38.837170,-94.788994
2024-6-8T21:11:30Z,38.837158,-94.788994
2024-6-8T21:11:33Z,38.837154,-94.788994
2024-6-8T21:11:36Z,38.837154,-94.788994
2024-6-8T21:11:39Z,38.837151,-94.788994
2024-6-8T21:11:42Z,38.837151,-94.788994
2024-6-8T21:11:45Z,38.837158,-94.789017
2024-6-8T21:11:48Z,38.837143,-94.789017
2024-6-8T21:11:51Z,38.837151,-94.789032
2024-6-8T21:11:54Z,38.837151,-94.789032
2024-6-8T21:11:57Z,38.837143,-94.789032
2024-6-8T21:12:0Z,38.837147,-94.789032
2024-6-8T21:12:3Z,38.837151,-94.789017
2024-6-8T21:12:6Z,38.837154,-94.789017
2024-6-8T21:12:9Z,38.837151,-94.789017
2024-6-8T21:12:12Z,38.837147,-94.789017
2024-6-8T21:12:15Z,38.837143,-94.789017
2024-6-8T21:12:18Z,38.837135,-94.789017
2024-6-8T21:12:21Z,38.837143,-94.789017
2024-6-8T21:12:24Z,38.837151,-94.789017
2024-6-8T21:12:27Z,38.837181,-94.789032
2024-6-8T21:12:30Z,38.837185,-94.789032
2024-6-8T21:12:33Z,38.837204,-94.789032
2024-6-8T21:12:36Z,38.837181,-94.789017
2024-6-8T21:12:39Z,38.837193,-94.789017
2024-6-8T21:12:42Z,38.837185,-94.788994
2024-6-8T21:12:45Z,38.837177,-94.789017
2024-6-8T21:12:48Z,38.837177,-94.789017
2024-6-8T21:12:51Z,38.837173,-94.789032
2024-6-8T21:12:54Z,38.837166,-94.789017
2024-6-8T21:12:57Z,38.837177,-94.789017
2024-6-8T21:13:0Z,38.837185,-94.789032
2024-6-8T21:13:3Z,38.837193,-94.789047
2024-6-8T21:13:6Z,38.837181,-94.789062
2024-6-8T21:13:9Z,38.837185,-94.789062
2024-6-8T21:13:12Z,38.837185,-94.789062
2024-6-8T21:13:15Z,38.837196,-94.789062
2024-6-8T21:13:18Z,38.837193,-94.789047
2024-6-8T21:13:21Z,38.837185,-94.789047
2024-6-8T21:13:24Z,38.837173,-94.789047
2024-6-8T21:13:27Z,38.837173,-94.789062
2024-6-8T21:13:30Z,38.837185,-94.789047
2024-6-8T21:13:33Z,38.837181,-94.789047
2024-6-8T21:13:36Z,38.837185,-94.789047
2024-6-8T21:13:39Z,38.837196,-94.789032
2024-6-8T21:13:42Z,38.837196,-94.789017
2024-6-8T21:13:45Z,38.837208,-94.789017
2024-6-8T21:13:48Z,38.837212,-94.789017
2024-6-8T21:13:51Z,38.837196,-94.789017
2024-6-8T21:13:54Z,38.837208,-94.789032
2024-6-8T21:13:57Z,38.837200,-94.789017
2024-6-8T21:14:0Z,38.837204,-94.789017
2024-6-8T21:14:3Z,38.837196,-94.788994
2024-6-8T21:14:6Z,38.837196,-94.789017
2024-6-8T21:14:9Z,38.837181,-94.788994
2024-6-8T21:14:12Z,38.837193,-94.788979
2024-6-8T21:14:15Z,38.837181,-94.788979
2024-6-8T21:14:18Z,38.837170,-94.788963
2024-6-8T21:14:21Z,38.837158,-94.788979
2024-6-8T21:14:24Z,38.837154,-94.788994
2024-6-8T21:14:27Z,38.837147,-94.788994
2024-6-8T21:14:30Z,38.837147,-94.788994
2024-6-8T21:14:33Z,38.837143,-94.789017
2024-6-8T21:14:36Z,38.837143,-94.789032
2024-6-8T21:14:39Z,38.837143,-94.789032
2024-6-8T21:14:42Z,38.837151,-94.789032
2024-6-8T21:14:45Z,38.837139,-94.789047
2024-6-8T21:14:48Z,38.837147,-94.789062
2024-6-8T21:14:51Z,38.837154,-94.789062
2024-6-8T21:14:54Z,38.837154,-94.789047
2024-6-8T21:14:57Z,38.837158,-94.789062
2024-6-8T21:15:0Z,38.837166,-94.789062
2024-6-8T21:15:3Z,38.837173,-94.789078
2024-6-8T21:15:6Z,38.837166,-94.789078
2024-6-8T21:15:9Z,38.837166,-94.789078
2024-6-8T21:15:12Z,38.837170,-94.789078
2024-6-8T21:15:15Z,38.837177,-94.789062
2024-6-8T21:15:18Z,38.837185,-94.789062
2024-6-8T21:15:21Z,38.837193,-94.789062
2024-6-8T21:15:24Z,38.837185,-94.789078
2024-6-8T21:15:27Z,38.837185,-94.789062
2024-6-8T21:15:30Z,38.837193,-94.789062
2024-6-8T21:15:33Z,38.837200,-94.789047
2024-6-8T21:15:36Z,38.837196,-94.789047
2024-6-8T21:15:39Z,38.837196,-94.789032
2024-6-8T21:15:42Z,38.837196,-94.789047
2024-6-8T21:15:45Z,38.837193,-94.789047
2024-6-8T21:15:48Z,38.837193,-94.789032
2024-6-8T21:15:51Z,38.837193,-94.789017
2024-6-8T21:15:54Z,38.837200,-94.789017
2024-6-8T21:15:57Z,38.837185,-94.789017
2024-6-8T21:16:0Z,38.837177,-94.789017
2024-6-8T21:16:3Z,38.837177,-94.789032
2024-6-8T21:16:6Z,38.837166,-94.789017
2024-6-8T21:16:9Z,38.837158,-94.789017
2024-6-8T21:16:12Z,38.837158,-94.789032
2024-6-8T21:16:15Z,38.837158,-94.789032
2024-6-8T21:16:18Z,38.837162,-94.789032
2024-6-8T21:16:21Z,38.837162,-94.789032
2024-6-8T21:16:24Z,38.837166,-94.789032
2024-6-8T21:16:27Z,38.837170,-94.789032
2024-6-8T21:16:30Z,38.837173,-94.789017
2024-6-8T21:16:33Z,38.837177,-94.789017
2024-6-8T21:16:36Z,38.837173,-94.789017
2024-6-8T21:16:39Z,38.837177,-94.789017
2024-6-8T21:16:42Z,38.837185,-94.789017
2024-6-8T21:16:45Z,38.837181,-94.788994
2024-6-8T21:16:48Z,38.837193,-94.789017
2024-6-8T21:16:51Z,38.837196,-94.789017
2024-6-8T21:16:54Z,38.837200,-94.789017
2024-6-8T21:16:57Z,38.837208,-94.789017
2024-6-8T21:17:0Z,38.837208,-94.788979
2024-6-8T21:17:3Z,38.837212,-94.788963
2024-6-8T21:17:6Z,38.837215,-94.788948
2024-6-8T21:17:9Z,38.837215,-94.788948
2024-6-8T21:17:12Z,38.837212,-94.788948
2024-6-8T21:17:15Z,38.837215,-94.788948
2024-6-8T21:17:18Z,38.837208,-94.788963
2024-6-8T21:17:22Z,38.837208,-94.788994
2024-6-8T21:17:25Z,38.837208,-94.789017
2024-6-8T21:17:28Z,38.837200,-94.788994
2024-6-8T21:17:31Z,38.837196,-94.788979
2024-6-8T21:17:34Z,38.837208,-94.788979
2024-6-8T21:17:37Z,38.837204,-94.788979
2024-6-8T21:17:40Z,38.837208,-94.788963
2024-6-8T21:17:42Z,38.837204,-94.788963
2024-6-8T21:17:46Z,38.837215,-94.788948
2024-6-8T21:17:48Z,38.837215,-94.788948
2024-6-8T21:17:51Z,38.837212,-94.788948
2024-6-8T21:17:55Z,38.837212,-94.788933
2024-6-8T21:17:58Z,38.837212,-94.788948
2024-6-8T21:18:1Z,38.837208,-94.788948
2024-6-8T21:18:4Z,38.837208,-94.788948
2024-6-8T21:18:7Z,38.837208,-94.788933
2024-6-8T21:18:10Z,38.837204,-94.788948
2024-6-8T21:18:12Z,38.837196,-94.788948
2024-6-8T21:18:16Z,38.837196,-94.788979
2024-6-8T21:18:19Z,38.837204,-94.788979
2024-6-8T21:18:22Z,38.837196,-94.788963
2024-6-8T21:18:25Z,38.837185,-94.788994
2024-6-8T21:18:28Z,38.837185,-94.788948
2024-6-8T21:18:31Z,38.837185,-94.788963
2024-6-8T21:18:34Z,38.837185,-94.788963
2024-6-8T21:18:37Z,38.837181,-94.788979
2024-6-8T21:18:40Z,38.837177,-94.788994
2024-6-8T21:18:43Z,38.837154,-94.789032
2024-6-8T21:18:46Z,38.837154,-94.789017
2024-6-8T21:18:49Z,38.837147,-94.788994
2024-6-8T21:18:52Z,38.837147,-94.788948
2024-6-8T21:18:55Z,38.837151,-94.788948
2024-6-8T21:18:58Z,38.837151,-94.788963
2024-6-8T21:19:1Z,38.837143,-94.788979
2024-6-8T21:19:4Z,38.837143,-94.788963
2024-6-8T21:19:7Z,38.837147,-94.788933
2024-6-8T21:19:10Z,38.837132,-94.788902
2024-6-8T21:19:13Z,38.837143,-94.788864
2024-6-8T21:19:16Z,38.837151,-94.788849
2024-6-8T21:19:19Z,38.837151,-94.788849
2024-6-8T21:19:22Z,38.837158,-94.788864
2024-6-8T21:19:25Z,38.837166,-94.788902
2024-6-8T21:19:28Z,38.837166,-94.788918
2024-6-8T21:19:31Z,38.837166,-94.788933
2024-6-8T21:19:34Z,38.837162,-94.788948
2024-6-8T21:19:37Z,38.837166,-94.788963
2024-6-8T21:19:40Z,38.837158,-94.788963
2024-6-8T21:19:43Z,38.837166,-94.788979
2024-6-8T21:19:46Z,38.837158,-94.788979
2024-6-8T21:19:49Z,38.837162,-94.788994
2024-6-8T21:19:52Z,38.837158,-94.788979
2024-6-8T21:19:55Z,38.837162,-94.788979
2024-6-8T21:19:58Z,38.837166,-94.788979
2024-6-8T21:20:1Z,38.837166,-94.788979
2024-6-8T21:20:4Z,38.837158,-94.788979
2024-6-8T21:20:7Z,38.837166,-94.788979
2024-6-8T21:20:10Z,38.837166,-94.788979
2024-6-8T21:20:13Z,38.837181,-94.788979
2024-6-8T21:20:16Z,38.837193,-94.788963
2024-6-8T21:20:19Z,38.837196,-94.788979
2024-6-8T21:20:22Z,38.837196,-94.788979
2024-6-8T21:20:25Z,38.837208,-94.788979
2024-6-8T21:20:28Z,38.837208,-94.788963
2024-6-8T21:20:31Z,38.837208,-94.788979
2024-6-8T21:20:34Z,38.837208,-94.788979
2024-6-8T21:20:37Z,38.837208,-94.788979
2024-6-8T21:20:40Z,38.837204,-94.788979
2024-6-8T21:20:43Z,38.837196,-94.788963
2024-6-8T21:20:46Z,38.837185,-94.788963
2024-6-8T21:20:49Z,38.837185,-94.788979
2024-6-8T21:20:52Z,38.837170,-94.788994
2024-6-8T21:20:55Z,38.837158,-94.788994
2024-6-8T21:20:58Z,38.837158,-94.789017
2024-6-8T21:21:1Z,38.837154,-94.788979
2024-6-8T21:21:4Z,38.837154,-94.788963
2024-6-8T21:21:7Z,38.837147,-94.788979
2024-6-8T21:21:10Z,38.837143,-94.788979
2024-6-8T21:21:13Z,38.837143,-94.788979
2024-6-8T21:21:16Z,38.837143,-94.788979
2024-6-8T21:21:19Z,38.837143,-94.788979
2024-6-8T21:21:22Z,38.837143,-94.789017
2024-6-8T21:21:25Z,38.837147,-94.789017
2024-6-8T21:21:28Z,38.837147,-94.789017
2024-6-8T21:21:31Z,38.837151,-94.788994
2024-6-8T21:21:34Z,38.837154,-94.789017
2024-6-8T21:21:37Z,38.837158,-94.789017
2024-6-8T21:21:40Z,38.837151,-94.788994
2024-6-8T21:21:43Z,38.837158,-94.788994
2024-6-8T21:21:46Z,38.837162,-94.788994
2024-6-8T21:21:49Z,38.837166,-94.788994
2024-6-8T21:21:52Z,38.837166,-94.789017
2024-6-8T21:21:55Z,38.837162,-94.789032
2024-6-8T21:21:58Z,38.837162,-94.789032
2024-6-8T21:22:1Z,38.837158,-94.789032
2024-6-8T21:22:4Z,38.837162,-94.789032
2024-6-8T21:22:7Z,38.837158,-94.789017
2024-6-8T21:22:10Z,38.837154,-94.789017
2024-6-8T21:22:13Z,38.837158,-94.789017
2024-6-8T21:22:16Z,38.837166,-94.789017
2024-6-8T21:22:19Z,38.837170,-94.789017
2024-6-8T21:22:22Z,38.837170,-94.789017
2024-6-8T21:22:25Z,38.837177,-94.788994
2024-6-8T21:22:28Z,38.837173,-94.788979
2024-6-8T21:22:31Z,38.837166,-94.789017
2024-6-8T21:22:34Z,38.837170,-94.789017
2024-6-8T21:22:37Z,38.837170,-94.789032
2024-6-8T21:22:40Z,38.837166,-94.789032
2024-6-8T21:22:43Z,38.837166,-94.789032
2024-6-8T21:22:46Z,38.837166,-94.789032
2024-6-8T21:22:49Z,38.837170,-94.789032
2024-6-8T21:22:52Z,38.837166,-94.789017
2024-6-8T21:22:55Z,38.837170,-94.789017
2024-6-8T21:22:58Z,38.837170,-94.789032
2024-6-8T21:23:1Z,38.837173,-94.789062
2024-6-8T21:23:4Z,38.837162,-94.789062
2024-6-8T21:23:7Z,38.837151,-94.789047
2024-6-8T21:23:10Z,38.837151,-94.789062
2024-6-8T21:23:13Z,38.837143,-94.789062
2024-6-8T21:23:16Z,38.837151,-94.789062
2024-6-8T21:23:19Z,38.837158,-94.789017
2024-6-8T21:23:22Z,38.837143,-94.789017
2024-6-8T21:23:25Z,38.837154,-94.788979
2024-6-8T21:23:28Z,38.837147,-94.788948
2024-6-8T21:23:31Z,38.837147,-94.788948
2024-6-8T21:23:34Z,38.837132,-94.788948
2024-6-8T21:23:37Z,38.837112,-94.788963
2024-6-8T21:23:40Z,38.837109,-94.789047
2024-6-8T21:23:43Z,38.837093,-94.789093
2024-6-8T21:23:46Z,38.837093,-94.789108
2024-6-8T21:23:49Z,38.837055,-94.789078
2024-6-8T21:23:52Z,38.837059,-94.789062
2024-6-8T21:23:55Z,38.837063,-94.789062
2024-6-8T21:23:58Z,38.837078,-94.789093
2024-6-8T21:24:1Z,38.837086,-94.789093
2024-6-8T21:24:4Z,38.837105,-94.789131
2024-6-8T21:24:7Z,38.837101,-94.789093
2024-6-8T21:24:10Z,38.837116,-94.789078
2024-6-8T21:24:13Z,38.837132,-94.788994
2024-6-8T21:24:16Z,38.837151,-94.788948
2024-6-8T21:24:19Z,38.837151,-94.788933
2024-6-8T21:24:22Z,38.837151,-94.788979
2024-6-8T21:24:25Z,38.837135,-94.789017
2024-6-8T21:24:28Z,38.837139,-94.789032
2024-6-8T21:24:31Z,38.837147,-94.789062
2024-6-8T21:24:34Z,38.837135,-94.789047
2024-6-8T21:24:37Z,38.837151,-94.789062
2024-6-8T21:24:40Z,38.837132,-94.789078
2024-6-8T21:24:43Z,38.837132,-94.789093
2024-6-8T21:24:46Z,38.837143,-94.789131
2024-6-8T21:24:49Z,38.837154,-94.789162
2024-6-8T21:24:52Z,38.837158,-94.789177
2024-6-8T21:24:55Z,38.837170,-94.789146
2024-6-8T21:24:58Z,38.837177,-94.789078
2024-6-8T21:25:1Z,38.837173,-94.789062
2024-6-8T21:25:4Z,38.837173,-94.789032
2024-6-8T21:25:7Z,38.837177,-94.789047
2024-6-8T21:25:10Z,38.837166,-94.789047
2024-6-8T21:25:13Z,38.837162,-94.789062
2024-6-8T21:25:16Z,38.837151,-94.789047
2024-6-8T21:25:19Z,38.837139,-94.789078
2024-6-8T21:25:22Z,38.837120,-94.789017
2024-6-8T21:25:25Z,38.837120,-94.789017
2024-6-8T21:25:28Z,38.837116,-94.788994
2024-6-8T21:25:31Z,38.837124,-94.788994
2024-6-8T21:25:34Z,38.837132,-94.788979
2024-6-8T21:25:37Z,38.837139,-94.788979
2024-6-8T21:25:40Z,38.837143,-94.788948
2024-6-8T21:25:43Z,38.837154,-94.788887
2024-6-8T21:25:46Z,38.837151,-94.788849
2024-6-8T21:25:49Z,38.837166,-94.788803
2024-6-8T21:25:52Z,38.837173,-94.788788
2024-6-8T21:25:55Z,38.837173,-94.788773
2024-6-8T21:25:58Z,38.837166,-94.788803
2024-6-8T21:26:1Z,38.837162,-94.788849
2024-6-8T21:26:4Z,38.837158,-94.788902
2024-6-8T21:26:7Z,38.837143,-94.788933
2024-6-8T21:26:10Z,38.837135,-94.788933
2024-6-8T21:26:13Z,38.837132,-94.788933
2024-6-8T21:26:16Z,38.837139,-94.788933
2024-6-8T21:26:19Z,38.837147,-94.788933
2024-6-8T21:26:22Z,38.837143,-94.788918
2024-6-8T21:26:25Z,38.837158,-94.788918
2024-6-8T21:26:28Z,38.837151,-94.788902
2024-6-8T21:26:31Z,38.837143,-94.788902
2024-6-8T21:26:34Z,38.837151,-94.788902
2024-6-8T21:26:37Z,38.837158,-94.788887
2024-6-8T21:26:40Z,38.837154,-94.788887
2024-6-8T21:26:43Z,38.837166,-94.788887
2024-6-8T21:26:46Z,38.837166,-94.788864
2024-6-8T21:26:49Z,38.837173,-94.788902
2024-6-8T21:26:52Z,38.837181,-94.788933
2024-6-8T21:26:55Z,38.837181,-94.788963
2024-6-8T21:26:58Z,38.837177,-94.788948
2024-6-8T21:27:1Z,38.837193,-94.788902
2024-6-8T21:27:4Z,38.837200,-94.788864
2024-6-8T21:27:7Z,38.837200,-94.788834
2024-6-8T21:27:10Z,38.837196,-94.788864
2024-6-8T21:27:13Z,38.837193,-94.788864
2024-6-8T21:27:16Z,38.837196,-94.788887
2024-6-8T21:27:19Z,38.837193,-94.788902
2024-6-8T21:27:22Z,38.837166,-94.788933
2024-6-8T21:27:25Z,38.837158,-94.788948
2024-6-8T21:27:28Z,38.837151,-94.788963
2024-6-8T21:27:31Z,38.837139,-94.788979
2024-6-8T21:27:34Z,38.837143,-94.788979
2024-6-8T21:27:37Z,38.837135,-94.788963
2024-6-8T21:27:40Z,38.837124,-94.788948
2024-6-8T21:27:43Z,38.837112,-94.788948
2024-6-8T21:27:46Z,38.837124,-94.788963
2024-6-8T21:27:49Z,38.837120,-94.788963
2024-6-8T21:27:52Z,38.837132,-94.788994
2024-6-8T21:27:55Z,38.837132,-94.788994
2024-6-8T21:27:58Z,38.837139,-94.789017
2024-6-8T21:28:1Z,38.837124,-94.788994
2024-6-8T21:28:4Z,38.837132,-94.789017
2024-6-8T21:28:7Z,38.837132,-94.789017
2024-6-8T21:28:10Z,38.837139,-94.789032
2024-6-8T21:28:12Z,38.837151,-94.789017
2024-6-8T21:28:16Z,38.837154,-94.789047
2024-6-8T21:28:19Z,38.837151,-94.789047
2024-6-8T21:28:22Z,38.837158,-94.789078
2024-6-8T21:28:25Z,38.837151,-94.789093
2024-6-8T21:28:28Z,38.837147,-94.789108
2024-6-8T21:28:31Z,38.837147,-94.789131
2024-6-8T21:28:34Z,38.837151,-94.789131
2024-6-8T21:28:37Z,38.837151,-94.789131
2024-6-8T21:28:40Z,38.837147,-94.789146
2024-6-8T21:28:43Z,38.837147,-94.789131
2024-6-8T21:28:46Z,38.837154,-94.789131
2024-6-8T21:28:49Z,38.837158,-94.789131
2024-6-8T21:28:52Z,38.837158,-94.789131
2024-6-8T21:28:55Z,38.837158,-94.789108
2024-6-8T21:28:58Z,38.837151,-94.789108
2024-6-8T21:29:1Z,38.837166,-94.789108
2024-6-8T21:29:4Z,38.837170,-94.789093
2024-6-8T21:29:7Z,38.837177,-94.789093
2024-6-8T21:29:10Z,38.837181,-94.789093
2024-6-8T21:29:13Z,38.837181,-94.789078
2024-6-8T21:29:16Z,38.837185,-94.789078
2024-6-8T21:29:19Z,38.837181,-94.789078
2024-6-8T21:29:22Z,38.837166,-94.789078
2024-6-8T21:29:25Z,38.837166,-94.789078
2024-6-8T21:29:28Z,38.837173,-94.789108
2024-6-8T21:29:31Z,38.837185,-94.789093
2024-6-8T21:29:34Z,38.837181,-94.789078
2024-6-8T21:29:37Z,38.837208,-94.789062
2024-6-8T21:29:40Z,38.837208,-94.789047
2024-6-8T21:29:43Z,38.837215,-94.789032
2024-6-8T21:29:46Z,38.837223,-94.789047
2024-6-8T21:29:49Z,38.837215,-94.789047
2024-6-8T21:29:52Z,38.837215,-94.789047
2024-6-8T21:29:55Z,38.837204,-94.789062
2024-6-8T21:29:58Z,38.837196,-94.789078
2024-6-8T21:30:1Z,38.837185,-94.789062
2024-6-8T21:30:4Z,38.837196,-94.789062
2024-6-8T21:30:7Z,38.837193,-94.789078
2024-6-8T21:30:10Z,38.837196,-94.789047
2024-6-8T21:30:13Z,38.837185,-94.789032
2024-6-8T21:30:16Z,38.837193,-94.789032
2024-6-8T21:30:19Z,38.837196,-94.789047
2024-6-8T21:30:22Z,38.837208,-94.789032
2024-6-8T21:30:25Z,38.837196,-94.789017
2024-6-8T21:30:28Z,38.837196,-94.788994
2024-6-8T21:30:31Z,38.837185,-94.788979
2024-6-8T21:30:34Z,38.837181,-94.788948
2024-6-8T21:30:37Z,38.837177,-94.788933
2024-6-8T21:30:40Z,38.837181,-94.788933
2024-6-8T21:30:43Z,38.837177,-94.788918
2024-6-8T21:30:46Z,38.837170,-94.788933
2024-6-8T21:30:49Z,38.837170,-94.788933
2024-6-8T21:30:52Z,38.837173,-94.788933
2024-6-8T21:30:55Z,38.837181,-94.788918
2024-6-8T21:30:58Z,38.837181,-94.788887
2024-6-8T21:31:1Z,38.837177,-94.788902
2024-6-8T21:31:4Z,38.837173,-94.788902
2024-6-8T21:31:7Z,38.837177,-94.788918
2024-6-8T21:31:10Z,38.837170,-94.788918
2024-6-8T21:31:13Z,38.837173,-94.788933
2024-6-8T21:31:16Z,38.837170,-94.788933
2024-6-8T21:31:19Z,38.837170,-94.788948
2024-6-8T21:31:22Z,38.837162,-94.788948
2024-6-8T21:31:25Z,38.837154,-94.788948
2024-6-8T21:31:28Z,38.837151,-94.788948
2024-6-8T21:31:31Z,38.837154,-94.788963
2024-6-8T21:31:34Z,38.837143,-94.788948
2024-6-8T21:31:37Z,38.837147,-94.788948
2024-6-8T21:31:40Z,38.837132,-94.788933
2024-6-8T21:31:43Z,38.837132,-94.788918
2024-6-8T21:31:46Z,38.837132,-94.788902
2024-6-8T21:31:49Z,38.837132,-94.788918
2024-6-8T21:31:52Z,38.837135,-94.788918
2024-6-8T21:31:55Z,38.837139,-94.788933
2024-6-8T21:31:58Z,38.837132,-94.788933
2024-6-8T21:32:1Z,38.837139,-94.788933
2024-6-8T21:32:4Z,38.837147,-94.788948
2024-6-8T21:32:7Z,38.837151,-94.788963
2024-6-8T21:32:10Z,38.837151,-94.788979
2024-6-8T21:32:13Z,38.837151,-94.788994
2024-6-8T21:32:16Z,38.837147,-94.788994
2024-6-8T21:32:19Z,38.837147,-94.788979
2024-6-8T21:32:22Z,38.837147,-94.788963
2024-6-8T21:32:25Z,38.837151,-94.788963
2024-6-8T21:32:28Z,38.837154,-94.788963
2024-6-8T21:32:31Z,38.837158,-94.788963
2024-6-8T21:32:34Z,38.837158,-94.788979
2024-6-8T21:32:37Z,38.837158,-94.788979
2024-6-8T21:32:40Z,38.837162,-94.788963
2024-6-8T21:32:43Z,38.837162,-94.788963
2024-6-8T21:32:46Z,38.837170,-94.788994
2024-6-8T21:32:49Z,38.837173,-94.788994
2024-6-8T21:32:52Z,38.837173,-94.788994
2024-6-8T21:32:55Z,38.837170,-94.788994
2024-6-8T21:32:58Z,38.837170,-94.789017
2024-6-8T21:33:1Z,38.837170,-94.789017
2024-6-8T21:33:4Z,38.837166,-94.789032
2024-6-8T21:33:7Z,38.837154,-94.789017
2024-6-8T21:33:10Z,38.837154,-94.788994
2024-6-8T21:33:13Z,38.837158,-94.788979
2024-6-8T21:33:16Z,38.837162,-94.788979
2024-6-8T21:33:19Z,38.837154,-94.788963
2024-6-8T21:33:22Z,38.837154,-94.788963
2024-6-8T21:33:25Z,38.837154,-94.788963
2024-6-8T21:33:28Z,38.837158,-94.788963
2024-6-8T21:33:31Z,38.837166,-94.788979
2024-6-8T21:33:34Z,38.837166,-94.788963
2024-6-8T21:33:37Z,38.837166,-94.788948
2024-6-8T21:33:40Z,38.837158,-94.788948
2024-6-8T21:33:43Z,38.837151,-94.788963
2024-6-8T21:33:46Z,38.837139,-94.788933
2024-6-8T21:33:49Z,38.837135,-94.788933
2024-6-8T21:33:52Z,38.837143,-94.788933
2024-6-8T21:33:55Z,38.837143,-94.788948
2024-6-8T21:33:58Z,38.837143,-94.788948
2024-6-8T21:34:1Z,38.837143,-94.788948
2024-6-8T21:34:4Z,38.837143,-94.788948
2024-6-8T21:34:7Z,38.837132,-94.788933
2024-6-8T21:34:10Z,38.837135,-94.788918
2024-6-8T21:34:13Z,38.837147,-94.788918
2024-6-8T21:34:16Z,38.837151,-94.788887
2024-6-8T21:34:19Z,38.837143,-94.788849
2024-6-8T21:34:22Z,38.837135,-94.788849
2024-6-8T21:34:25Z,38.837139,-94.788834
2024-6-8T21:34:28Z,38.837151,-94.788918
2024-6-8T21:34:31Z,38.837151,-94.788918
2024-6-8T21:34:34Z,38.837151,-94.788933
2024-6-8T21:34:37Z,38.837151,-94.788933
2024-6-8T21:34:40Z,38.837151,-94.788963
2024-6-8T21:34:43Z,38.837147,-94.788963
2024-6-8T21:34:46Z,38.837151,-94.788979
2024-6-8T21:34:49Z,38.837151,-94.788948
2024-6-8T21:34:52Z,38.837154,-94.788963
2024-6-8T21:34:55Z,38.837154,-94.788963
2024-6-8T21:34:58Z,38.837158,-94.788979
2024-6-8T21:35:1Z,38.837162,-94.788994
2024-6-8T21:35:4Z,38.837162,-94.788994
2024-6-8T21:35:7Z,38.837162,-94.788994
2024-6-8T21:35:10Z,38.837170,-94.788994
2024-6-8T21:35:13Z,38.837177,-94.788979
2024-6-8T21:35:16Z,38.837177,-94.788979
2024-6-8T21:35:19Z,38.837170,-94.788994
2024-6-8T21:35:22Z,38.837158,-94.788994
2024-6-8T21:35:25Z,38.837158,-94.789017
2024-6-8T21:35:28Z,38.837158,-94.789017
2024-6-8T21:35:31Z,38.837158,-94.789017
2024-6-8T21:35:34Z,38.837158,-94.789032
2024-6-8T21:35:37Z,38.837154,-94.789047
2024-6-8T21:35:40Z,38.837151,-94.789047
2024-6-8T21:35:43Z,38.837147,-94.789062
2024-6-8T21:35:46Z,38.837139,-94.789062
2024-6-8T21:35:49Z,38.837139,-94.789062
2024-6-8T21:35:52Z,38.837135,-94.789062
2024-6-8T21:35:55Z,38.837135,-94.789062
2024-6-8T21:35:58Z,38.837143,-94.789078
2024-6-8T21:36:1Z,38.837151,-94.789093
2024-6-8T21:36:4Z,38.837154,-94.789108
2024-6-8T21:36:7Z,38.837158,-94.789131
2024-6-8T21:36:10Z,38.837147,-94.789131
2024-6-8T21:36:13Z,38.837143,-94.789131
2024-6-8T21:36:16Z,38.837147,-94.789093
2024-6-8T21:36:19Z,38.837151,-94.789078
2024-6-8T21:36:22Z,38.837154,-94.789078
2024-6-8T21:36:25Z,38.837151,-94.789078
2024-6-8T21:36:28Z,38.837147,-94.789047
2024-6-8T21:36:31Z,38.837139,-94.789047
2024-6-8T21:36:34Z,38.837147,-94.789047
2024-6-8T21:36:37Z,38.837154,-94.789078
2024-6-8T21:36:40Z,38.837147,-94.789062
2024-6-8T21:36:43Z,38.837143,-94.789047
2024-6-8T21:36:46Z,38.837151,-94.789017
2024-6-8T21:36:49Z,38.837158,-94.788994
2024-6-8T21:36:52Z,38.837158,-94.788979
2024-6-8T21:36:55Z,38.837158,-94.788963
2024-6-8T21:36:58Z,38.837158,-94.788979
2024-6-8T21:37:1Z,38.837166,-94.789017
2024-6-8T21:37:4Z,38.837166,-94.788994
2024-6-8T21:37:7Z,38.837177,-94.789017
2024-6-8T21:37:10Z,38.837177,-94.789017
2024-6-8T21:37:13Z,38.837177,-94.789017
2024-6-8T21:37:16Z,38.837177,-94.789017
2024-6-8T21:37:19Z,38.837170,-94.789017
2024-6-8T21:37:22Z,38.837173,-94.788994
2024-6-8T21:37:25Z,38.837181,-94.788979
2024-6-8T21:37:28Z,38.837181,-94.788963
2024-6-8T21:37:31Z,38.837181,-94.788979
2024-6-8T21:37:34Z,38.837177,-94.788979
2024-6-8T21:37:37Z,38.837181,-94.788979
2024-6-8T21:37:40Z,38.837173,-94.788979
2024-6-8T21:37:43Z,38.837166,-94.788979
2024-6-8T21:37:46Z,38.837158,-94.788994
2024-6-8T21:37:49Z,38.837158,-94.788979
2024-6-8T21:37:52Z,38.837166,-94.788979
2024-6-8T21:37:55Z,38.837166,-94.788948
2024-6-8T21:37:58Z,38.837181,-94.788963
2024-6-8T21:38:1Z,38.837196,-94.788963
2024-6-8T21:38:4Z,38.837208,-94.788948
2024-6-8T21:38:7Z,38.837208,-94.788948
2024-6-8T21:38:10Z,38.837208,-94.788963
2024-6-8T21:38:13Z,38.837208,-94.788963
2024-6-8T21:38:16Z,38.837208,-94.788963
2024-6-8T21:38:19Z,38.837215,-94.788963
2024-6-8T21:38:22Z,38.837212,-94.788979
2024-6-8T21:38:25Z,38.837208,-94.788979
2024-6-8T21:38:28Z,38.837200,-94.788994
2024-6-8T21:38:31Z,38.837193,-94.788994
2024-6-8T21:38:34Z,38.837185,-94.788994
2024-6-8T21:38:37Z,38.837181,-94.788994
2024-6-8T21:38:40Z,38.837185,-94.788994
2024-6-8T21:38:43Z,38.837181,-94.788994
2024-6-8T21:38:46Z,38.837185,-94.788994
2024-6-8T21:38:49Z,38.837181,-94.788994
2024-6-8T21:38:52Z,38.837173,-94.788979
2024-6-8T21:38:55Z,38.837177,-94.788994
2024-6-8T21:38:58Z,38.837181,-94.788979
2024-6-8T21:39:1Z,38.837177,-94.788994
2024-6-8T21:39:4Z,38.837181,-94.788994
2024-6-8T21:39:7Z,38.837177,-94.788994
2024-6-8T21:39:10Z,38.837181,-94.788994
2024-6-8T21:39:13Z,38.837193,-94.788994
2024-6-8T21:39:16Z,38.837185,-94.788994
2024-6-8T21:39:19Z,38.837193,-94.788994
2024-6-8T21:39:22Z,38.837185,-94.788994
2024-6-8T21:39:25Z,38.837181,-94.788994
2024-6-8T21:39:28Z,38.837181,-94.788979
2024-6-8T21:39:31Z,38.837185,-94.788979
2024-6-8T21:39:34Z,38.837185,-94.788979
2024-6-8T21:39:37Z,38.837181,-94.788979
2024-6-8T21:39:40Z,38.837185,-94.788963
2024-6-8T21:39:43Z,38.837193,-94.788963
2024-6-8T21:39:46Z,38.837196,-94.788963
2024-6-8T21:39:49Z,38.837196,-94.788963
2024-6-8T21:39:52Z,38.837200,-94.788948
2024-6-8T21:39:55Z,38.837196,-94.788948
2024-6-8T21:39:58Z,38.837196,-94.788948
2024-6-8T21:40:1Z,38.837196,-94.788948
2024-6-8T21:40:4Z,38.837185,-94.788948
2024-6-8T21:40:7Z,38.837185,-94.788963
2024-6-8T21:40:10Z,38.837196,-94.788948
2024-6-8T21:40:13Z,38.837200,-94.788963
2024-6-8T21:40:16Z,38.837204,-94.788963
2024-6-8T21:40:19Z,38.837204,-94.788979
2024-6-8T21:40:22Z,38.837196,-94.788994
2024-6-8T21:40:25Z,38.837200,-94.788994
2024-6-8T21:40:28Z,38.837204,-94.788979
2024-6-8T21:40:31Z,38.837208,-94.788963
2024-6-8T21:40:34Z,38.837200,-94.788979
2024-6-8T21:40:37Z,38.837204,-94.788979
2024-6-8T21:40:40Z,38.837185,-94.789017
2024-6-8T21:40:43Z,38.837193,-94.788994
2024-6-8T21:40:46Z,38.837185,-94.789017
2024-6-8T21:40:49Z,38.837196,-94.789032
2024-6-8T21:40:52Z,38.837185,-94.789032
2024-6-8T21:40:55Z,38.837185,-94.789032
2024-6-8T21:40:58Z,38.837185,-94.789032
2024-6-8T21:41:1Z,38.837200,-94.789032
2024-6-8T21:41:4Z,38.837208,-94.789017
2024-6-8T21:41:7Z,38.837219,-94.789017
2024-6-8T21:41:10Z,38.837227,-94.789017
2024-6-8T21:41:13Z,38.837231,-94.789017
2024-6-8T21:41:16Z,38.837238,-94.788979
2024-6-8T21:41:19Z,38.837238,-94.788979
2024-6-8T21:41:22Z,38.837234,-94.788979
2024-6-8T21:41:25Z,38.837231,-94.788994
2024-6-8T21:41:28Z,38.837227,-94.789017
2024-6-8T21:41:31Z,38.837219,-94.789017
2024-6-8T21:41:34Z,38.837212,-94.789017
2024-6-8T21:41:37Z,38.837208,-94.789017
2024-6-8T21:41:40Z,38.837185,-94.788994
2024-6-8T21:41:43Z,38.837173,-94.788994
2024-6-8T21:41:46Z,38.837154,-94.788994
2024-6-8T21:41:49Z,38.837143,-94.788994
2024-6-8T21:41:52Z,38.837139,-94.788994
2024-6-8T21:41:55Z,38.837139,-94.788994
2024-6-8T21:41:58Z,38.837120,-94.788994
2024-6-8T21:42:1Z,38.837120,-94.788994
2024-6-8T21:42:4Z,38.837116,-94.788994
2024-6-8T21:42:7Z,38.837105,-94.788979
2024-6-8T21:42:10Z,38.837105,-94.788979
2024-6-8T21:42:13Z,38.837101,-94.788979
2024-6-8T21:42:16Z,38.837109,-94.788979
2024-6-8T21:42:19Z,38.837109,-94.788979
2024-6-8T21:42:22Z,38.837109,-94.788963
2024-6-8T21:42:25Z,38.837105,-94.788979
2024-6-8T21:42:28Z,38.837093,-94.788979
2024-6-8T21:42:31Z,38.837090,-94.788979
2024-6-8T21:42:34Z,38.837090,-94.788994
2024-6-8T21:42:37Z,38.837097,-94.788994
2024-6-8T21:42:40Z,38.837109,-94.788994
2024-6-8T21:42:43Z,38.837109,-94.788994
2024-6-8T21:42:46Z,38.837101,-94.788994
2024-6-8T21:42:49Z,38.837109,-94.788994
2024-6-8T21:42:52Z,38.837101,-94.788994
2024-6-8T21:42:55Z,38.837097,-94.788979
2024-6-8T21:42:58Z,38.837105,-94.788979
2024-6-8T21:43:1Z,38.837097,-94.788979
2024-6-8T21:43:4Z,38.837101,-94.788979
2024-6-8T21:43:7Z,38.837105,-94.788979
2024-6-8T21:43:10Z,38.837105,-94.788994
2024-6-8T21:43:13Z,38.837105,-94.789017
2024-6-8T21:43:16Z,38.837093,-94.789017
2024-6-8T21:43:19Z,38.837090,-94.789017
2024-6-8T21:43:22Z,38.837090,-94.789017
2024-6-8T21:43:25Z,38.837086,-94.788994
2024-6-8T21:43:28Z,38.837093,-94.788979
2024-6-8T21:43:31Z,38.837101,-94.788994
2024-6-8T21:43:34Z,38.837097,-94.788994
2024-6-8T21:43:37Z,38.837101,-94.789017
2024-6-8T21:43:40Z,38.837093,-94.789017
2024-6-8T21:43:43Z,38.837086,-94.789017
2024-6-8T21:43:46Z,38.837093,-94.789017
2024-6-8T21:43:49Z,38.837093,-94.789017
2024-6-8T21:43:52Z,38.837093,-94.789032
2024-6-8T21:43:55Z,38.837093,-94.789032
2024-6-8T21:43:58Z,38.837090,-94.789032
2024-6-8T21:44:1Z,38.837093,-94.789032
2024-6-8T21:44:4Z,38.837090,-94.789017
2024-6-8T21:44:7Z,38.837093,-94.789017
2024-6-8T21:44:10Z,38.837090,-94.789017
2024-6-8T21:44:13Z,38.837097,-94.789032
2024-6-8T21:44:16Z,38.837093,-94.789032
2024-6-8T21:44:19Z,38.837093,-94.789032
2024-6-8T21:44:22Z,38.837086,-94.789032
2024-6-8T21:44:25Z,38.837086,-94.789047
2024-6-8T21:44:28Z,38.837090,-94.789047
2024-6-8T21:44:31Z,38.837090,-94.789047
2024-6-8T21:44:34Z,38.837086,-94.789047
2024-6-8T21:44:37Z,38.837086,-94.789062
2024-6-8T21:44:40Z,38.837086,-94.789047
2024-6-8T21:44:43Z,38.837090,-94.789047
2024-6-8T21:44:46Z,38.837093,-94.789032
2024-6-8T21:44:49Z,38.837093,-94.789047
2024-6-8T21:44:52Z,38.837101,-94.789047
2024-6-8T21:44:55Z,38.837116,-94.789047
2024-6-8T21:44:58Z,38.837132,-94.789032
2024-6-8T21:45:1Z,38.837116,-94.789032
2024-6-8T21:45:4Z,38.837109,-94.789032
2024-6-8T21:45:7Z,38.837105,-94.789047
2024-6-8T21:45:10Z,38.837105,-94.789047
2024-6-8T21:45:13Z,38.837101,-94.789062
2024-6-8T21:45:16Z,38.837101,-94.789078
2024-6-8T21:45:19Z,38.837093,-94.789062
2024-6-8T21:45:22Z,38.837086,-94.789047
2024-6-8T21:45:26Z,38.837090,-94.789047
2024-6-8T21:45:29Z,38.837093,-94.789032
2024-6-8T21:45:32Z,38.837093,-94.789032
2024-6-8T21:45:35Z,38.837086,-94.789017
2024-6-8T21:45:37Z,38.837078,-94.789017
2024-6-8T21:45:40Z,38.837070,-94.788994
2024-6-8T21:45:43Z,38.837055,-94.788994
2024-6-8T21:45:47Z,38.837036,-94.788994
2024-6-8T21:45:49Z,38.837025,-94.788994
2024-6-8T21:45:53Z,38.837021,-94.788994
2024-6-8T21:45:55Z,38.837029,-94.788994
2024-6-8T21:45:58Z,38.837040,-94.789017
2024-6-8T21:46:1Z,38.837040,-94.788994
2024-6-8T21:46:5Z,38.837036,-94.788994
2024-6-8T21:46:8Z,38.837044,-94.788979
2024-6-8T21:46:10Z,38.837074,-94.788963
2024-6-8T21:46:13Z,38.837086,-94.788948
2024-6-8T21:46:16Z,38.837078,-94.788948
2024-6-8T21:46:19Z,38.837059,-94.788933
2024-6-8T21:46:22Z,38.837055,-94.788933
2024-6-8T21:46:25Z,38.837051,-94.788948
2024-6-8T21:46:28Z,38.837059,-94.788948
2024-6-8T21:46:31Z,38.837059,-94.788963
2024-6-8T21:46:34Z,38.837055,-94.788979
2024-6-8T21:46:37Z,38.837063,-94.788994
2024-6-8T21:46:40Z,38.837051,-94.789017
2024-6-8T21:46:43Z,38.837040,-94.788994
2024-6-8T21:46:46Z,38.837040,-94.789017
2024-6-8T21:46:49Z,38.837051,-94.788994
2024-6-8T21:46:52Z,38.837059,-94.788994
2024-6-8T21:46:55Z,38.837044,-94.788994
2024-6-8T21:46:58Z,38.837036,-94.788994
2024-6-8T21:47:1Z,38.837036,-94.788994
2024-6-8T21:47:4Z,38.837036,-94.788994
2024-6-8T21:47:7Z,38.837032,-94.788994
2024-6-8T21:47:11Z,38.837036,-94.788994
2024-6-8T21:47:13Z,38.837036,-94.789017
2024-6-8T21:47:16Z,38.837040,-94.789017
2024-6-8T21:47:19Z,38.837040,-94.789017
2024-6-8T21:47:22Z,38.837044,-94.789017
2024-6-8T21:47:25Z,38.837051,-94.789017
2024-6-8T21:47:28Z,38.837074,-94.788994
2024-6-8T21:47:32Z,38.837090,-94.788994
2024-6-8T21:47:35Z,38.837101,-94.788994
2024-6-8T21:47:38Z,38.837097,-94.788979
2024-6-8T21:47:41Z,38.837078,-94.788979
2024-6-8T21:47:44Z,38.837074,-94.788963
2024-6-8T21:47:47Z,38.837082,-94.788963
2024-6-8T21:47:50Z,38.837090,-94.788963
2024-6-8T21:47:53Z,38.837090,-94.788963
2024-6-8T21:47:56Z,38.837063,-94.788948
2024-6-8T21:47:59Z,38.837055,-94.788948
2024-6-8T21:48:2Z,38.837059,-94.788948
2024-6-8T21:48:5Z,38.837048,-94.788948
2024-6-8T21:48:8Z,38.837040,-94.788948
2024-6-8T21:48:11Z,38.837048,-94.788948
2024-6-8T21:48:14Z,38.837044,-94.788948
2024-6-8T21:48:17Z,38.837048,-94.788948
2024-6-8T21:48:19Z,38.837055,-94.788948
2024-6-8T21:48:22Z,38.837074,-94.788963
2024-6-8T21:48:25Z,38.837093,-94.788963
2024-6-8T21:48:29Z,38.837105,-94.788963
2024-6-8T21:48:32Z,38.837105,-94.788963
2024-6-8T21:48:35Z,38.837093,-94.788963
2024-6-8T21:48:37Z,38.837082,-94.788979
2024-6-8T21:48:41Z,38.837086,-94.788979
2024-6-8T21:48:44Z,38.837055,-94.788979
2024-6-8T21:48:47Z,38.837055,-94.788963
2024-6-8T21:48:50Z,38.837048,-94.788963
2024-6-8T21:48:53Z,38.837070,-94.788979
2024-6-8T21:48:56Z,38.837097,-94.788994
2024-6-8T21:48:59Z,38.837109,-94.788994
2024-6-8T21:49:2Z,38.837139,-94.788994
2024-6-8T21:49:5Z,38.837139,-94.789017
2024-6-8T21:49:8Z,38.837120,-94.788994
2024-6-8T21:49:11Z,38.837139,-94.788994
2024-6-8T21:49:14Z,38.837132,-94.788994
2024-6-8T21:49:17Z,38.837139,-94.788994
2024-6-8T21:49:20Z,38.837166,-94.789017
2024-6-8T21:49:23Z,38.837196,-94.789017
2024-6-8T21:49:26Z,38.837200,-94.789032
2024-6-8T21:49:29Z,38.837196,-94.789032
2024-6-8T21:49:32Z,38.837173,-94.789017
2024-6-8T21:49:35Z,38.837147,-94.789017
2024-6-8T21:49:38Z,38.837147,-94.789032
2024-6-8T21:49:41Z,38.837135,-94.789032
2024-6-8T21:49:44Z,38.837151,-94.789047
2024-6-8T21:49:47Z,38.837151,-94.789032
2024-6-8T21:49:50Z,38.837166,-94.789047
2024-6-8T21:49:53Z,38.837170,-94.789032
2024-6-8T21:49:56Z,38.837170,-94.789032
2024-6-8T21:49:59Z,38.837170,-94.789017
2024-6-8T21:50:2Z,38.837204,-94.789017
2024-6-8T21:50:5Z,38.837257,-94.789032
2024-6-8T21:50:8Z,38.837280,-94.789047
2024-6-8T21:50:11Z,38.837273,-94.789047
2024-6-8T21:50:14Z,38.837269,-94.789062
2024-6-8T21:50:17Z,38.837280,-94.789078
2024-6-8T21:50:20Z,38.837292,-94.789078
2024-6-8T21:50:23Z,38.837303,-94.789078
2024-6-8T21:50:26Z,38.837303,-94.789078
2024-6-8T21:50:29Z,38.837307,-94.789078
2024-6-8T21:50:32Z,38.837296,-94.789078
2024-6-8T21:50:35Z,38.837296,-94.789078
2024-6-8T21:50:38Z,38.837269,-94.789062
2024-6-8T21:50:41Z,38.837276,-94.789047
2024-6-8T21:50:44Z,38.837280,-94.789062
2024-6-8T21:50:47Z,38.837284,-94.789062
2024-6-8T21:50:50Z,38.837288,-94.789062
2024-6-8T21:50:53Z,38.837292,-94.789062
2024-6-8T21:50:56Z,38.837296,-94.789062
2024-6-8T21:50:59Z,38.837299,-94.789062
2024-6-8T21:51:2Z,38.837299,-94.789062
2024-6-8T21:51:5Z,38.837292,-94.789062
2024-6-8T21:51:8Z,38.837315,-94.789062
2024-6-8T21:51:11Z,38.837303,-94.789078
2024-6-8T21:51:14Z,38.837288,-94.789062
2024-6-8T21:51:17Z,38.837303,-94.789062
2024-6-8T21:51:20Z,38.837318,-94.789062
2024-6-8T21:51:23Z,38.837318,-94.789078
2024-6-8T21:51:26Z,38.837315,-94.789078
2024-6-8T21:51:29Z,38.837337,-94.789078
2024-6-8T21:51:32Z,38.837322,-94.789078
2024-6-8T21:51:35Z,38.837315,-94.789078
2024-6-8T21:51:38Z,38.837303,-94.789062
2024-6-8T21:51:41Z,38.837299,-94.789078
2024-6-8T21:51:44Z,38.837296,-94.789062
2024-6-8T21:51:47Z,38.837296,-94.789032
2024-6-8T21:51:50Z,38.837284,-94.789032
2024-6-8T21:51:53Z,38.837269,-94.789017
2024-6-8T21:51:56Z,38.837227,-94.789017
2024-6-8T21:51:59Z,38.837234,-94.789032
2024-6-8T21:52:2Z,38.837219,-94.789032
2024-6-8T21:52:5Z,38.837215,-94.789017
2024-6-8T21:52:8Z,38.837208,-94.788994
2024-6-8T21:52:11Z,38.837200,-94.788994
2024-6-8T21:52:14Z,38.837215,-94.788994
2024-6-8T21:52:17Z,38.837204,-94.788979
2024-6-8T21:52:20Z,38.837177,-94.788979
2024-6-8T21:52:23Z,38.837139,-94.788948
2024-6-8T21:52:26Z,38.837139,-94.788948
2024-6-8T21:52:29Z,38.837112,-94.788918
2024-6-8T21:52:32Z,38.837143,-94.788948
2024-6-8T21:52:35Z,38.837120,-94.788933
2024-6-8T21:52:38Z,38.837120,-94.788933
2024-6-8T21:52:41Z,38.837132,-94.788933
2024-6-8T21:52:44Z,38.837143,-94.788948
2024-6-8T21:52:47Z,38.837151,-94.788948
2024-6-8T21:52:50Z,38.837185,-94.788979
2024-6-8T21:52:53Z,38.837170,-94.788979
2024-6-8T21:52:56Z,38.837158,-94.788979
2024-6-8T21:52:59Z,38.837154,-94.788979
2024-6-8T21:53:2Z,38.837173,-94.788979
2024-6-8T21:53:5Z,38.837177,-94.788979
2024-6-8T21:53:8Z,38.837166,-94.788963
2024-6-8T21:53:11Z,38.837151,-94.788963
2024-6-8T21:53:14Z,38.837154,-94.788963
2024-6-8T21:53:17Z,38.837166,-94.788963
2024-6-8T21:53:20Z,38.837177,-94.788979
2024-6-8T21:53:23Z,38.837151,-94.788963
2024-6-8T21:53:26Z,38.837162,-94.788979
2024-6-8T21:53:29Z,38.837116,-94.788963
2024-6-8T21:53:32Z,38.837048,-94.788948
2024-6-8T21:53:35Z,38.837009,-94.788948
2024-6-8T21:53:38Z,38.836952,-94.788933
2024-6-8T21:53:41Z,38.836891,-94.788902
2024-6-8T21:53:44Z,38.836853,-94.788864
2024-6-8T21:53:47Z,38.836826,-94.788864
2024-6-8T21:53:50Z,38.836784,-94.788818
2024-6-8T21:53:53Z,38.836781,-94.788834
2024-6-8T21:53:56Z,38.836769,-94.788818
2024-6-8T21:53:59Z,38.836807,-94.788849
2024-6-8T21:54:2Z,38.836811,-94.788834
2024-6-8T21:54:5Z,38.836826,-94.788834
2024-6-8T21:54:8Z,38.836845,-94.788849
2024-6-8T21:54:11Z,38.836868,-94.788849
2024-6-8T21:54:14Z,38.836872,-94.788834
2024-6-8T21:54:17Z,38.836891,-94.788849
2024-6-8T21:54:20Z,38.836903,-94.788849
2024-6-8T21:54:23Z,38.836910,-94.788864
2024-6-8T21:54:26Z,38.836926,-94.788887
2024-6-8T21:54:29Z,38.836937,-94.788887
2024-6-8T21:54:32Z,38.836960,-94.788887
2024-6-8T21:54:35Z,38.836998,-94.788902
2024-6-8T21:54:38Z,38.837017,-94.788918
2024-6-8T21:54:41Z,38.837048,-94.788933
2024-6-8T21:54:44Z,38.837078,-94.788933
2024-6-8T21:54:47Z,38.837105,-94.788948
2024-6-8T21:54:50Z,38.837143,-94.788963
2024-6-8T21:54:53Z,38.837166,-94.788979
2024-6-8T21:54:56Z,38.837177,-94.788994
2024-6-8T21:54:59Z,38.837200,-94.788994
2024-6-8T21:55:2Z,38.837208,-94.789017
2024-6-8T21:55:5Z,38.837074,-94.788948
2024-6-8T21:55:8Z,38.837086,-94.788933
2024-6-8T21:55:11Z,38.837147,-94.788948
2024-6-8T21:55:14Z,38.837219,-94.788948
2024-6-8T21:55:17Z,38.837242,-94.788948
2024-6-8T21:55:20Z,38.837273,-94.788963
2024-6-8T21:55:23Z,38.837280,-94.788963
2024-6-8T21:55:26Z,38.837284,-94.788963
2024-6-8T21:55:29Z,38.837292,-94.788963
2024-6-8T21:55:32Z,38.837307,-94.788979
2024-6-8T21:55:35Z,38.837326,-94.788994
2024-6-8T21:55:38Z,38.837318,-94.788994
2024-6-8T21:55:41Z,38.837303,-94.789017
2024-6-8T21:55:44Z,38.837326,-94.789017
2024-6-8T21:55:47Z,38.837357,-94.789032
2024-6-8T21:55:50Z,38.837387,-94.789032
2024-6-8T21:55:53Z,38.837444,-94.789062
2024-6-8T21:55:56Z,38.837456,-94.789078
2024-6-8T21:55:59Z,38.837425,-94.789078
2024-6-8T21:56:2Z,38.837399,-94.789078
2024-6-8T21:56:5Z,38.837353,-94.789062
2024-6-8T21:56:8Z,38.837334,-94.789062
2024-6-8T21:56:11Z,38.837349,-94.789062
2024-6-8T21:56:14Z,38.837387,-94.789078
2024-6-8T21:56:17Z,38.837418,-94.789078
2024-6-8T21:56:20Z,38.837406,-94.789062
2024-6-8T21:56:23Z,38.837360,-94.789047
2024-6-8T21:56:26Z,38.837334,-94.789047
2024-6-8T21:56:29Z,38.837307,-94.789032
2024-6-8T21:56:32Z,38.837421,-94.789047
2024-6-8T21:56:35Z,38.837429,-94.789047
2024-6-8T21:56:38Z,38.837383,-94.789062
2024-6-8T21:56:41Z,38.837399,-94.789078
2024-6-8T21:56:44Z,38.837418,-94.789093
2024-6-8T21:56:47Z,38.837402,-94.789108
2024-6-8T21:56:50Z,38.837395,-94.789131
2024-6-8T21:56:53Z,38.837379,-94.789131
2024-6-8T21:56:56Z,38.837315,-94.789108
2024-6-8T21:56:59Z,38.837326,-94.789131
2024-6-8T21:57:2Z,38.837307,-94.789131
2024-6-8T21:57:5Z,38.837284,-94.789146
2024-6-8T21:57:8Z,38.837254,-94.789131
2024-6-8T21:57:11Z,38.837242,-94.789131
2024-6-8T21:57:14Z,38.837227,-94.789131
2024-6-8T21:57:17Z,38.837231,-94.789131
2024-6-8T21:57:20Z,38.837234,-94.789108
2024-6-8T21:57:23Z,38.837238,-94.789131
2024-6-8T21:57:26Z,38.837215,-94.789131
2024-6-8T21:57:29Z,38.837204,-94.789131
2024-6-8T21:57:32Z,38.837242,-94.789108
2024-6-8T21:57:35Z,38.837280,-94.789108
2024-6-8T21:57:38Z,38.837303,-94.789108
2024-6-8T21:57:41Z,38.837334,-94.789093
2024-6-8T21:57:44Z,38.837299,-94.789047
2024-6-8T21:57:47Z,38.837280,-94.789017
2024-6-8T21:57:50Z,38.837261,-94.789017
2024-6-8T21:57:53Z,38.837212,-94.789017
2024-6-8T21:57:56Z,38.837215,-94.789032
2024-6-8T21:57:59Z,38.837231,-94.789062
2024-6-8T21:58:2Z,38.837254,-94.789062
2024-6-8T21:58:5Z,38.837246,-94.789047
2024-6-8T21:58:8Z,38.837238,-94.789032
2024-6-8T21:58:11Z,38.837234,-94.789032
2024-6-8T21:58:14Z,38.837177,-94.789017
